comment_id,text,author,likes,replies,time,time_parsed
UgzzCH07D8Yk9vZ5J0h4AaABAg,"Hmm semua itu karena elite global, kalo mmg karena pemerintahan dan MBG emang zaman jokowi ga ada korupsi? ada juga sama aja juga isi pemerintahannya MBG juga uangnya mungkin hampir memutar ke kalangan atas dan bawah indonesia kenapa rupiah sangat melemah???, itumah elite global rupiah melemah karena pengaruh elite global lari semua uang indonesia ke luar terus menghilangkan kepercayaan investor2 terhadap indonesia",@xi.ipa5.19muhamadrevilsyap2,0,,3 jam yang lalu,1781349740.006684
Ugw2JX8IFDRYRtEw87F4AaABAg,"Loose lips sink ship. Ini krn regulasi, contoh biarkan Shell, BP, AKR, Exxon impor BBM sendiri agar mengurangi beban Pertamina. Bubarkan Danantara, karena cuma calo. Fakta, saham Garuda diakusisi 93% hasilnya, nyariin leasing Garuda, kerja Wadirut cuma pecat karyawan, Direktur Marketing tidak kompeten, titipan ordal. Malah, now, export sawit, Bbara mau ikut ikut. Kompetensi Rosan cuma staf Bakrie, kita tau lah reputasi nya Bakrie.",@Quest58989,0,,3 hari yang lalu (diedit),1781101340.010939
UgxMnyfDgJ0Ce9lpkzt4AaABAg,rupiah melemah karena sell off rupiah besar besaran oleh singapura,@AdeMarlintonz,0,,3 hari yang lalu,1781101340.010939
UgymulDsyXRc5-N_4vd4AaABAg,"Laporan perusahaan robotech, duit tidak masuk, moderenisasi tidak selesai, internet bermasalah, mobil-mobil tidak ada, motor oke, pindah ke eropa,stop di account youtube",@SamDin-i6c,0,,4 hari yang lalu,1781014940.010939
Ugyduvk7M2LMjiCyPSh4AaABAg,"Labil banget yak, awalnya cm satu orang aja ngomong sell indonesia, beneran se-indonesia jd ruamee, rp anjlok.. stok kopi aman? 😂😂😂",@Brow-b3r,0,,4 hari yang lalu,1781014940.010939
UgxbDmVDpCtFVtK2t6p4AaABAg,"Terimakasih kontennya, sangat edukatif",@thomassteven1575,0,,5 hari yang lalu,1780928540.018137
Ugx5A9ylsek6G18GeDx4AaABAg,Pemerintah nya tuh yg nga becus mengurus negara cuma penting kn diri sendiri saja tdk mikirkan cara nya supaya negara bisa maju tuh gmna cara nya pdhl rakyat sdh byk yg menderita terutama rakyat bawah.,@PainemSinarrizky,0,,8 hari yang lalu,1780669340.021194
UgxuW6vbzLwJIn0r-9N4AaABAg,"😂🤣😂🤣🤣😂🤣  pemerintahan penuh tipu-tipu? 😂😂🤣🤣 adakah sesuatu yang bisa diandalkan dari presiden, DPR, gubernur, DPRD dan bupati semuanya ala Rp.50 K? 😂😂😂🤣🤣 presidennya antek bekas presiden bekas? 😂😂🤣🤣😂 dan tentu saja sejak lama semua sudah dikendalikan asing & aseng? 😂😂😂",@srisuharso323,0,,10 hari yang lalu,1780496540.022796
UgyHH7hOXeeJF6WgqPl4AaABAg,Kyk Ngajarin anak kecil y kooh 🗿🗿 pke nyamain 98 sama yg sekarang. Jelas² suatu asset akan selalu membuat ATH nya seiring waktu.,@dysp205,0,,12 hari yang lalu,1780323740.022796
Ugz860_LwvzckX0uMU14AaABAg,dari salah satu youtuber ada kebijakan Quantitative Easing (QE) sehingga walau bi rate naik tapi rupiah tetap turun terus,@Cafe_Mikrochip,0,,2 minggu yang lalu,1780150940.022796
UgzvCvqnL3IJ4roolYd4AaABAg,INDON tidak kena pajak bro LEON.,@matiusalbert23,0,,2 minggu yang lalu,1780150940.022796
Ugz-CY990Em4ULyodSl4AaABAg,"Indonesia politikus nya nggak pentingin midterm nya,mereka pentingin nanti pas lagi kampanye yaitu mulai tahun ke 5 masa jabatan nya,disitulah mereka caper lagi.Kalau rupiah melemah di tahun ke 5 pemerintahan prabowo,pasti dia gerak cepat supaya di mata masyarakat indonesia dia bisa mengatasi krisis",@stellamanurung519,0,,2 minggu yang lalu,1780150940.022796
Ugx6fjQ1t3reXv88xJh4AaABAg,"Akar masalahnya kebanyakan nonton influencer, ingat saham konglo uda pd nyangkut ritel banyak korban 😂",@JukiAlchemy,0,,2 minggu yang lalu,1780150940.022796
Ugz8-2MkrlLyvWtLbah4AaABAg,Apa karena menkeu menolak meminjam dr IMF makannya idr melemah?,@Jorsky27,0,,2 minggu yang lalu,1780150940.022796
UgwbB7b8agf1N0KXuEV4AaABAg,"jujur ya, kalau lu mau benahi Indo, lu harus flash back apa yg indo sdh tanda tangan. Contoh globalisasi finance. Dgn globalisasi finance, Soros garong duit ke Indo, detik itu juga dollar nya bisa di tarik ke  Amerika. Lu percuma ngomong makro dan mikro kalau infrastruktur finance Indo masih pakai sistem Amerika yg korup.

Gak percaya?

Lu lihat link ini, China di patok 39% dari total ekonomi Amerika dan China dari 2025 - 2028 dan cuma naik 1% di thn 2031.

Yg lain?

a. Currency sumber bloomberg.
1. USA allies
A. UK - 1 USD = 0.74 Pound
B.  Europe, 1 USD = 0. 84 Euro
c. Jordan, 1 USD = 0.70 Jordan dollar
d. Singapore, 1 USD = 1.27 Singapore dollar
e. etc.

2. Non USA allies
1. Iran, 1 USD = 1.3 juta rial
2. Venezuela, 1 USD = 50 juta Bolivar VEF
3. Indonesia, 1 USD = 17.717 Rp dari  1 USD = Rp 5
4. Iran, 1 USD = 1100 dinar dari 1 USD = 0.3 dinar
5. dsb.

B Credit rating berdasarkan Moody's
1. US aliies
a. Amerika, Aa1
b. Inggris,  Aa3
c. Singapore, Aa3
d. Saudi, Aa3
e. dsb

2. Non-USA allies
a. Indonesia, Ba2
b. China, A1
c. Iran, no credit rating
d. Korut, no credit rating
e. Russia, no credit rating
f. dsb

c. Index korupsi berdasarkan Transparency International (TI)
1. USA allies.
a. Amerika, no 29
b. Inggris, no 20
c. Denmark, no 1
d. Singapore, no 3
e. NZ, no 4

2. Non-USA alilies
a. China no 76
b. Indonesia, 109
c. Russia, 157
d. Venezuela, 180
e. dsb",@MichaelRodney-l6h,0,,2 minggu yang lalu,1780150940.022796
Ugw1AfOCvh88vjjP7ap4AaABAg,"Isi pemerintah nya dr DPR, pemerintah, penegak hukum banyak kaum oligarki.cuma mikir diri sendiri",@mrowi-c3t,0,,2 minggu yang lalu,1780150940.037899
UgyxItIdO2DJjPJoc_Z4AaABAg,Bs dilihat indonesia gak maju tetapi malahan melemah.😂,@PejabatKoruptor777,0,,2 minggu yang lalu,1780150940.039058
UgzMWgkAiA0EJchwPqt4AaABAg,ambyaar,@Zanitahiburan,0,,2 minggu yang lalu,1780150940.041071
Ugxz849WxPKuE3sMLLh4AaABAg,Ini kabinet yg bener bener kaya lemari kosong ...belum menteri keuangannya suka asbun nggak perduli investor 😢😢😢rusak kaya bossnya,@antoniq9000-med,0,,2 minggu yang lalu,1780150940.043186
UgzAzRlgWP16ZjXLzod4AaABAg,"Inti dr segala inti pemerintah GA KOMPETEN samsek manage negara. Pimpinan narsistik blgny buat rakyat padahal ada tujuan lain, cuma kedok. Ga trima kritik dan ga open. Belanja dg mata uang asing gila2an demi menguntungkan golongan sendiri.",@hwkey88,0,,2 minggu yang lalu,1780150940.045183
UgwhRPQWLntM74vFJHl4AaABAg,Currency War is commencing,@WEBenar,0,,2 minggu yang lalu,1780150940.356204
UgyDNRp5U2vYeFwQWVB4AaABAg,Menurut ku sih saat ini dollar sedang menguat seperti terlihat pada aux/usd,@ismetahmad8389,0,,2 minggu yang lalu,1780150940.356204
UgwZnySXxsZPOqqEu5t4AaABAg,Saya senang ni channel. Karena kritiknya baik dan membangun tpi disatu sisi berimbang ♥️,@SilentKiller0823,0,,2 minggu yang lalu,1780150940.356204
Ugx-thzTWX9ndCSLSG94AaABAg,Kuliah gratis. makasih koh 😊,@oranggila159,0,,3 minggu yang lalu,1779546140.370692
UgwTs1_784yczKTt8o94AaABAg,kalau 17 845 indonesia merdeka kata PDIP,@suwandikcf6445,0,,3 minggu yang lalu,1779546140.371706
UgyyXJpFx2uJJnHnS6V4AaABAg,Ekonomi gak serepot yg di bayangkan brow. Ekonomi gak lebih sulit dari main domino. Kuat tidak nya ekonomi tergantung kartu yg ada ditangan anda. Yg tau kartu bukan anda tapi otoritas yg di kasih mandad,@ahdanofnof8510,0,,3 minggu yang lalu (diedit),1779546140.373791
Ugw3X4EF4KYziwf-ToV4AaABAg,ZOEL/PLOEZ BANYAKNYA KORUPTOOR PENYIMPAN $,@pak_oha0628,0,,3 minggu yang lalu,1779546140.373791
UgyTq-35NH9RnguzLsB4AaABAg,Dikata yang coment2 yg lihat video dan yg bikin video orang2 bodoh bagi mereka..,@hengkysiswanto6107,1,,3 minggu yang lalu,1779546140.373791
UgyVRKxUI3cpdevLPQN4AaABAg,"Menurut ku ekonomi sangat terdampak dari karakter pejabat dan hukum di dalam negeri.
Ketidak amanan membuat investor pada tidak percaya dengan negara ini.",@sriefajar-po1sj,0,,3 minggu yang lalu,1779546140.373791
Ugw__xkHhH40IigGZXl4AaABAg,Bagus donk rupiah melemah agar mendorong ekspor. Bukan mau mendorong impor kan? Dgn gitu pengekspor akan lebih digiatkan. Biar aja pengimpor rugi!!!!!! ❤❤❤❤,@BernardShin888,2,,3 minggu yang lalu,1779546140.373791
UgwK-6Dsdg-i3zARYgd4AaABAg,"Cek berapa jumlah korban di lebaran haji tahun ini,,,!",@neobaroq,0,,3 minggu yang lalu,1779546140.373791
Ugxhcn5Ow1kEbBg7lll4AaABAg,"Penjelasannya ringan, mudah diterima",@leeHtet-rr3et,0,,3 minggu yang lalu,1779546140.373791
UgxDaTln4AxCcuPrOhR4AaABAg,"Kalau Danamas Dollar, bisa langsung buka akun di Sinarmas (bank, atau broker), karena min investnya masih bisa di 100 USD",@GuruDevata,0,,3 minggu yang lalu,1779546140.373791
Ugzyyrx3zzu-WT9rlDV4AaABAg,"asal kita gak impor gak ngaruh tuh rupiah turun,, malah kita ekspor pakai dollar malah lebih untung kan kayaknya? cuma hanya orang kaya yg suka keluar yg ngerasa rugi,, pengusaha yang impor yang pusing,, kalo desa mah,, gak ngaruh,, asal bahan pokok gak impor jadi harga masih stabil,, atau asal harga pokok stabil mah,, gak ngaruh rupiah turun...",@studio28channel94,0,,3 minggu yang lalu,1779546140.38734
UgyVfqA9VEHApd1oY4l4AaABAg,"masalah intinya itu dollar naik rupiah turun mempengaruhi kita rakyat gak sih? kalo aku rakyat bawah sih gak sih? malah yg tkw desa2 suka pada kirim uang ke indo,, yg rugi kan yg beli sesuatu di luar negeri yg suka barang luar,, mungkin dengan rupiah melemah di banding dollar,, malah membuat rakyat membeli produk negeri sendiri,, kalo kita masih mendewakan dollar,, kita boneka ASSSS.. jadi cecunguk mereka yang mudak di kendalikan,..",@studio28channel94,0,,3 minggu yang lalu,1779546140.388413
Ugy7tveO2vRXJ50wMvt4AaABAg,"98-2013 stabil, 2014-2026 naek

Hmmm mulai era nya sapa tuuhh 👀",@alfandosavant4639,0,,3 minggu yang lalu,1779546140.388413
UgxKS040UJYAHS2EXRl4AaABAg,"trump pidato atau bercuit di x dolar us saham us naik
kalau indo..........🫢",@msbnjklbnmjkln4482,0,,3 minggu yang lalu (diedit),1779546140.388413
UgwUZo2DvfD1Vcrbowx4AaABAg,"Makin tipis rambut pala, ko.",@KLP36912,0,,3 minggu yang lalu (diedit),1779546140.388413
UgzAG-hWccQCrP7l_C54AaABAg,"Selama niatnya Prabowo dan si gibran mau menggemukan dompet mereka dan kroninya melalui jabatan publiknya, rakyat nggak penting dan bangsa nggak penting. Iya kan koh? Kembali ke NIAT PEJABAT PUBLIKNYA.",@zakiyahmd6358,0,,3 minggu yang lalu,1779546140.388413
UgynngZ68uK5SLCDxt94AaABAg,"Cepat jual dolar, peningkatan usd hanya fluktuasi tahunan krn permintaan melonjak ken masyarakat dan pemerintaj memerlukannya u ibadah haji. Saya sdh mengamatinya bertahun tahun.🙏",@sukseshadi4013,0,,3 minggu yang lalu,1779546140.388413
UgzMzb-SnVVYiLqxZPl4AaABAg,"1. Korupsi
2. Perizinan ribet
3. Kepastian hukum (peraturan berubah2)",@s10pluszulyzal79,0,,3 minggu yang lalu,1779546140.695345
Ugy2ZH3L0VM3kWf9dZ14AaABAg,UP,@samprantoevesus.s8963,0,,3 minggu yang lalu,1779546140.696345
Ugxl2eqJCz-LUijuULV4AaABAg,Karena emang gak ada political will dari negara sendiri.,@Guzmotion,0,,3 minggu yang lalu,1779546140.697345
UgzG1Qdh9GE1qKQJMDF4AaABAg,"😂 maka nya kalau ada calon wakil negara nyogok uang 50 ribu tuh jangan di ambil. 
 Ya menderita nya 5 taun",@mountaintiger13-p9j,0,,3 minggu yang lalu,1779546140.697345
UgxrRzvBX6k4jcH9Wap4AaABAg,"Akari masalahnya yah koruptor coba di sah kan uu perampasan aset koruptor dan hukuman mati di jamin uang kas negara terjaga juga bisa bayar utang negara dengan lancar..
Hasil bumi negara kita melimpah sayangnya banyak oknum yang menyala gunakan seperti emas timah bahkan nikel belum lagi hasil nelayan dan tani gak di perhatiin jadi pake hasil luar negeri😅😅",@nunozgomez1039,0,,3 minggu yang lalu,1779546140.697345
Ugw6ZgSD7_ftnJgLPbl4AaABAg,setahu saya indon kuponnya pajaknya 0% karena insentif pemerintah buat investor intl ....,@aandrianto1984,0,,3 minggu yang lalu,1779546140.697345
Ugwjh8SuRkdpSWuWPWB4AaABAg,Bagaimana membandingkan dengan harga BBM import dan material lainnya ?,@wak-asahan4451,0,,3 minggu yang lalu,1779546140.704779
UgyBw1B3_Ydd0Cu0DNp4AaABAg,Prabowo ni mbah mbah demensia semoga cepet lengser,@dewonggo,0,,3 minggu yang lalu,1779546140.706809
Ugwlc3tcfuQBPQTnm194AaABAg,"BETUL SEKALI BANG.. INI BISA DI BUKTIKAN KINERJA PARA MENTERI PRABOWO.. 
GUBERNUR BI YANG TERPENTING DALAM MENGENDALIKAN RUPIAH KE DOLLAR AS",@Iwann342,0,,3 minggu yang lalu,1779546140.708349
UgwRABJD1nrHBevjx394AaABAg,Amerika sj lagi perang ko dolar tdk turun. Padahal indo aman2 sj kenapa Rupia turun.,@arjuntatawu903,0,,3 minggu yang lalu,1779546140.709369
Ugy2T64Fqdqm8_BXMc94AaABAg,"Gue pribadi sendiri dari awal sepakat. inti dari kejadian sekarang bisa jadi dari Regulasi.. yang dimana asing enggan naro investasi disini... tapi selama ini penegakan korupsi gencar banget loh di pemerintahan prabowo. Jadi asumsi karna tinggi nya korupsi/penegakan hukum apa masih relefan? Gue pribadi mikirnya ini karna kebijakan pemerintah terkait investasi aja.. yang akhir2 ini memang berubah terus... dan prabowo sendiri fokusnya ke dalam negeri. (MBG, Kopdes, dll).. bukannya mbg dll salah ya.. Gue pribadi gak masalah terkait ini.",@mawlz3547,0,,3 minggu yang lalu,1779546140.710397
UgwZgGkbboZic5hl4vZ4AaABAg,Astronom,@pkuproperty,0,,3 minggu yang lalu,1779546140.710397
Ugzvo1ulvtz_5JiE-cV4AaABAg,"Pas jaman pa harto rakyat masih merasakan harga murah ga susah2 banget lah hidupnya rakyat walaupun di balik itu rupiah berdarah2. Makanya populer meme ""enak jaman ku to"".
Lah kalau sekarang kalian bisa rasakan sendiri lah ❤",@MangRonTV,0,,3 minggu yang lalu,1779546140.710397
UgzPuHybkDBoN5mDeWJ4AaABAg,"Setiap kebijakan pemerintah akan ada dampak ""negatif"" nya, meskipun seolah itu hal yg tidak ada dampak negatifnya.

penegakan hukum itu mungkin terkesan tidak ada harga negatifnya, tapi mencapainya [BISA] jadi itu ada harga yg harus dibayar.

Orang sering menggunakan angka ini untuk mengejek kubu prabowo, tapi di saat bersamaan 58% ini adalah realitas politik rakyat indonesia (tentu 58% itu bukan berarti jumlah masyarakat indonesia). 58% persen masyarakat itu tidak siap",@meferswift,0,,3 minggu yang lalu,1779546140.710397
UgzLDY09bZT_N-CYQyR4AaABAg,"Thank u utk kuliahnya, ko Leon 🙏🏾🙏🏾🙏🏾",@rossita6634,0,,3 minggu yang lalu,1779546140.710397
UgxdrIBSRzQEKUNnqdJ4AaABAg,Menteri aja pesanan dan orang2 partai. Anggota dpr aja ada yg tamatan SD doang. Presiden sekarang udah 4x gagal baru terpilih. Mau harap apa dari konoha,@AnwarLie-bq9vo,0,,3 minggu yang lalu,1779546140.710397
UgxNsP-O7siyfEVMxU14AaABAg,UMR Indonesia gak ngotak. Negara lain 20jt Indonesia 3.5jt. Biadab,@MinkumSalam,0,,3 minggu yang lalu,1779546140.72132
UgwKIFPXtxydp2QdJl14AaABAg,"Kenapa rupiah terus inflasi selama bertahun tahun ?
karena setiap hari kita mengadaikan rupiah ke dollar untuk beli minyak dan Gas selama puluhan tahun kemudian dibakar, kan bego ..",@bermainguys4366,0,,3 minggu yang lalu,1779546140.721757
UgwxUP8pbKseTLvJyW14AaABAg,konten mahal isi daging yang pejabat kita gabisa jelasin,@afinaahi,0,,3 minggu yang lalu,1779546140.721757
UgwH5BpmhRh7t8jvzap4AaABAg,"Baru sampe detik 50 sy sudah ada kesimpulan, g ada harapan.... selebihnya cuma konfirmasi, ternyata indo (at least rezim wowo dan wiwi) memang g akan pernah bisa mencapai hal itu..",@housse51,0,,3 minggu yang lalu,1779546140.721757
UgzDA4HpB6hR2RBnSWN4AaABAg,"kalian pilih mana? Dolar = Rp 7000 tapi UMR $20 atau dolar = Rp 17000 tapi UMR $200

Tahun 1999 UMR rata rata nasional naik dari Rp 150rb ke Rp 180rb, kenaikan rupiah mendongkrak UMR saat itu dari $16 ke $23 per bulan

Tapi kalau dibanding UMR sekarang itu tidak seberapa

Karena UMR rata rata nasional 2025 adalah $200 , hampir 10 kali lipat tahun 1999

Kita selalu melihat turunnya dolar pada tahun 1999 sebagai sesuatu yg luar biasa dibanding saat ini

tapi kita lupa bahwa kenaikan gaji kita dibanding 1999 sebanarnya jauh lebih luar biasa

Jadi lebih baik kita bersyukur daya beli kita naik walaupun rupiah turun, karena itu jauh lebih penting",@suburmakmurrr,0,,3 minggu yang lalu,1779546141.011799
UgyGEnGVBKGEkWtYJWh4AaABAg,"INDON Valas setahu saya pajaknya ditanggung pemerintah. Memang kalau Obligasi IDR ada potongan pajak kupon 10%, tapi kalau INDON Valas tidak ada. CMIIW.",@daffaadraghifari8266,0,,3 minggu yang lalu,1779546141.011799
Ugx9tIvCK4vq5Zj-fyV4AaABAg,"Pemerintah masi memandang  pasar saham tempatnya orang kaya .... pandangan sesat sekali
1. Pasar saham = etalase ekonomi negara jika buram apalagi retak investor kabur  apalagi asing.
2. Retakan sekarang mulai merembet ke industri besar (penebangan,),  UKM (nelayan, RM dll).
3. Pasar modal sudah menjadi  tempat usaha investor  retail  nyambi  dagang, kerja, ngojek nunggu  lamaan kerja
tolong Pemerintah jangan pakai narasi  basi (fundamental ekonomi kuat  dll)  tapi  selesaikan  MBG, Kopdes MP, subsidi tidak tepat sasaran, 
4. Menkeu dan Presiden  tolong irit  biciara  selesaikan saja masalah  no.3  inshaAllah pasar bereaksi positif
tks  bro Leo  ...  teruslah bersuara",@BAMBANGMANTO,0,,3 minggu yang lalu,1779546141.022063
UgyYpkqEyyTQ5V_lbN54AaABAg,"Leon, coba pelajari bagaimana pak Habibie bisa menurunkan USD. Yang dia kerjakan waktu itu adalah:
1. Membuka kebebasan pers utk transparansi
2. Memperbaiki sistem perbankan yang amburadul dan korup dengan mendirikan BPPN dan pembentukan Bank Mandiri (dimana Bank Mandiri mengadopsi sistemnya Deutsh Bank)
3. Merestukturisasi hutang luar negeri perusahaan2 di Indonesia yang waktu itu marak berhutang USD, lewat  badan namanya INDRA
4. Kolaborasi dgn  IMF 
DLL

Coba bandingkan dengan keadaan kita sekarang:
1. Penyiraman air keras terhadap pengkritik dan sikap2 anti kritik pemerintah lewat pidato2 Presiden
2. Tidak ada perbaikan di area2 korupsi dan penegakan hukum yang serampangan 
3. Kesulitan merestrukturisasi hutang2 dalam USD karna yang terbesar justru hutang2 pemerintah akibat proyek2 yang bekerjasama dgn pihak luar (misal hutang proyek kreta cepat Jkt Bandung)
4. Menutup diri thd pihak asing sewaktu diperlukan (contoh waktu bencana banjir di Sumatera)",@1977gh,0,,3 minggu yang lalu,1779546141.024086
UgzWIdH1Smb8-_C9q8l4AaABAg,"GRafik kurs yang bagus jaman SBY setelahnya, naik2 kepuncak gunung...",@fixed-itdiy9709,0,,3 minggu yang lalu,1779546141.026453
Ugx9g_ggfHQYuNgHFyl4AaABAg,Ringgit menguat. IDR selalu melemah dari 2013,@zulyandi,0,,3 minggu yang lalu (diedit),1779546141.028461
UgytKR3hQ8neJ43iH7R4AaABAg,"Ini karena interen bro rakyat diperas hasil nya mereka pindah kan keluar negeri oleh penguasa juga orang"" yang punya duit...mereka bukan berpikir untuk kemakmuran rakyat, berpikir mereka yg penting mereka aman masalah rakyat sengsara itu cukup diberi BLT selesai otak mereka memang otak penjajah....",@SihanaPambudi,0,,3 minggu yang lalu,1779546141.029465
Ugwld-ZKlzmUvz0G6p14AaABAg,Hukum harus ditegakkan tanpa pandang bulu maka akan bedampak sangat baik pada semua sektor,@spplnindonesia1040,0,,3 minggu yang lalu,1779546141.031461
Ugway5_kNtYghE8yjHl4AaABAg,"Soeharto said, ""enak jamanku tooh?""",@UjiData,0,,3 minggu yang lalu,1779546141.033461
UgwJwTR5rTEum1rXRJN4AaABAg,"Sesuai ramalan Pdt Daud Tony nanti bln Juni :
- stagflasi dimana inflasi dan deflasi bertemu dlm 1 titik
- bln Juni jatuh tempo pembayaran hutang negara

Akibatnya effek ke pelemahan rupiah bakal berlanjut.",@kristiantosetiawan7499,0,,3 minggu yang lalu,1779546141.034461
UgzG6f34xO7EBPKc0Sx4AaABAg,Cara untuk melemahkan negara intoleran dan pendukung organisasi teroris adalah cukup goyangkan nilai mata uangnya seperti Iran !,@alexiusgampar8513,0,,3 minggu yang lalu,1779546141.036461
UgycI3XRTdGerRiD_J54AaABAg,Yg getol banget pengen GANTI REZIM . Sepertinya perlu di cek lg. Jgn sampai mereka ada di barisan yg lg di bersihkan atau yg selama ini menggerogoti indonesia.,@inisaya1716,0,,3 minggu yang lalu (diedit),1779546141.038469
UgzmEI0rM6nejX3PGgh4AaABAg,"presiden yg satu dunia nga dipercayai,,,sekali dibuka mulut rupiah tambah anjlok,data 5.61 persen itu oplosan,,,mentri dan ponakannya juga nga kompetan buat  kerja,,,bila sesuatu yg nga benar /org yg nga layak diberikn jabatan maka tunggulah kehancuran,,",@dabelg8932,0,,3 minggu yang lalu (diedit),1779546141.039466
UgzMk9oyIMNf_uw6kap4AaABAg,Anak nya malu 😅😅 gak sigh bapak nya kayak gitu ...,@DefiPeter,0,,3 minggu yang lalu,1779546141.041461
UgxmxFo3Q3K2Qg9w7VV4AaABAg,Inti nya suku bunga BI mesti stay di 6.25-7.25% kalau mau rupiah stabil di 3% loss per year,@mintico,0,,3 minggu yang lalu,1779546141.043461
Ugy_9pFtIwo0xCOsFpJ4AaABAg,are we cooked ?,@Lucia-qc5wq,0,,3 minggu yang lalu,1779546141.044461
UgwaySdptBlpF3SF9NB4AaABAg,Pemimpinnya harus ganti,@RekaRizky-g1u,0,,3 minggu yang lalu,1779546141.046461
UgxRDXhSubRlHr5AjxN4AaABAg,Korupsi,@chandralaurencius2664,0,,3 minggu yang lalu,1779546141.048461
UgzOI2uhRzBDo4Psq2x4AaABAg,Makin teriak isteris menunjukkan ketidak mampuan memimpin,@anomharta8205,0,,3 minggu yang lalu,1779546141.049461
UgzbFhPmDQ-c7eDsLeh4AaABAg,Kalau sampai dua puluh ribu per dolar  Prabowo mundur,@anomharta8205,0,,3 minggu yang lalu,1779546141.051461
UgxzuPm41_-S_0RwWhd4AaABAg,"Bila kita lihat grafik USDIDR setelah krisis 98, maka pada dasarnya rupiah bisa dibilang stabil hingga masa SBY berakhir, ada lonjakan2 tapi kemudian rupiah kembali ke harga awal, coba lihat grafiknya ujung2nya horizontal. Grafik mulai menukik tajam tanpa pernah turun lagi sejak 2014, yaitu sejak jokowi berkuasa hingga sekarang. Di masa jokowi proyek ugal2an bernilai triliunan yg tdk produktif dimulai, mulai jalan tol, kereta cepat, mandalika hingga IKN, semua adalah proyek besar.. tol saya blg juga tdk produktif krn tarif tol sangat mahal, lah kalo tarif tolnya mahal sama saja dgn jalan biasa artinya itu hanya menguntungkan para pengusaha tol (sebagian saham tol transjawa di kuasai swasta). Semua proyek jokowi hanya menguntungkan oligarki dan ego wong solo. Ini akibatnya bila orang bodoh diberikan kekuasaan tertinggi, dia jadi gila krn itu semua aturan ditrabas... org melihat dia sebagai sosok yg pintar namun pada dasarnya dia org yg gila.",@GamesBenchmark,0,,3 minggu yang lalu,1779546141.409248
UgwrO8etBs6FIQRxMQ14AaABAg,"KALO MENURUT AKU PRIBADI 
PENGUSAHA SITUS JUDI ONLINE = DAPAT KEUNTUNGAN RUPIAH DARI 2 JUTA BAHKAN LEBIH USER/PLAYERS YG BERASAL DARI PENDUDUK INDONESIA = PENGUSAHA SITUS JUDI ONLINE MENUKAR RUPIAH MENJADI DOLLAR BUAT JADI ASET 😅😅😅😅😅😅

JANGAN TERLALU JAUH ANALISIS   KEMUNGKINAN TERJADINYA PAK NANTI TERSESAT BAHKAN BI TIDK AKAN BISA MEMPREDIKSI TERKAIT HAL INI 😅😅😅",@abdhafidrahman-p7z,0,,3 minggu yang lalu,1779546141.409248
UgyxwxbbACLcExB5PwV4AaABAg,"Coba bandinginnya dengan SGD. Pasti korelasi nya sama, karena banyak pengkhianat bangsa yg massif menggadai rupiah dengan SGD.",@feelosocial,0,,3 minggu yang lalu,1779546141.409248
UgwukO0OG31f0iIJ2Kp4AaABAg,Bowo suruh mundur,@Zilong-p7o,0,,3 minggu yang lalu,1779546141.409248
UgwxfX5cscaiWEYcldJ4AaABAg,siluman babi sialan.,@redwoods305,0,,3 minggu yang lalu,1779546141.422243
UgySjX-MihLU8dCedY54AaABAg,"Indonesia kalau di pimpin staff nya oleh Indo Chinese aku yakin maju, mindset mereka beda. Sorry to said tapi itu reality.",@Bayareasky,1,1,3 minggu yang lalu,1779546141.423251
UgzJCz4thYOBizvl7jh4AaABAg,"Ujungnya Nawarin Investasi di aplikasi Makmur,,, Hadehhhh 🙆‍♀",@hanggoroboedirahardjo,0,,3 minggu yang lalu,1779546141.425741
Ugyhi3utyvd5vYErxR54AaABAg,Thank you ko Leon. Earth bless u,@enricoleonardo630,0,,3 minggu yang lalu,1779546141.427495
UgywxshTOYrzMXHVgG14AaABAg,"Banyak penghianat bangsa depan presiden iya iya aja padahal dalem atinya dongkol. 
Karena kepentingan nya terganggu. 
Pemerintah lagi banyak musuh nya karena
1. Mafia pangan yg terganggu. Sekarang
2. Masuk ke cpo dan mineral. Belum lagi dari dalem 
3.bea cukai, pajak
4. Oligarki lokal dan global yg terganggu. 

Nah orang orang cerdas pinter S1S2S3 jangan cuma kritik tanpa solusi cuma bikin noise doang. Gimana lah caranya agar kalian bisa duduk bareng atasi masalah bangsa. 


2",@dennyirawan8725,0,,3 minggu yang lalu,1779546141.427495
UgzXMZ_v5SxICyS_06V4AaABAg,"SGD SGD UP TERUS 
JD INGET KATA2 BENNIX",@noobplayer1994,1,1,3 minggu yang lalu,1779546141.427495
UgzlSBwy6kHFyUMd6F14AaABAg,Para pejabatnya penjahat semua,@ahmadalisudibyo3601,1,,3 minggu yang lalu,1779546141.427495
UgzshNf1sinu-1n536p4AaABAg,dari penjelasan video ini nilai dolar US sebelumnya stabil tetapi setalah 2014 nilai dollar US naik tidak terbendung. Artinya silakan ditebak sendiri,@arifmarzuki3601,0,,3 minggu yang lalu,1779546141.427495
Ugzwr3oIAFL-uTfVEkd4AaABAg,"STOP MBG, STOP KOPDES MERAH PUTIH, TURUNIN PR*BOW SKALIAN..!!!!!!!!!!  ☣️☢️☠️⚠️",@eonnatan,0,,3 minggu yang lalu,1779546141.43574
Ugw0bpJHysbtd650uad4AaABAg,Pesan ko leon adalah 'RASA TAKUT TAKAN MEMANJANGKAN UMURMU',@fellarumilovely5052,2,,3 minggu yang lalu,1779546141.43574
UgxwSI3b9_tUrdsoIpV4AaABAg,Sayangnya pemangku kepentingan 7 + 3 = 12 : 4=  5😂,@umahrizky,0,,3 minggu yang lalu,1779546141.440125
UgzONoiwoElAuyunH0Z4AaABAg,"Kalau Bro Leon memang yakin dengqn penjelasan kenapa mata uang melemah dan menguat secara pasti. Bro leon tidak akan membuat podcast bisnis lagi, anda akan sangat kaya sampai akhir hayat dengan Trading mata uang forex menggunakan leverage.",@zerotoowner,0,,3 minggu yang lalu,1779546141.442463
UgwlbN02UIIWgLaqSJl4AaABAg,BI sudah naikin suku bunga 0'5% lhoo,@rinckeshawn-uz2mq,0,,3 minggu yang lalu,1779546141.442463
UgwOUPInD7Tydt9vYg94AaABAg,"kerana melemahnya berpanjagan dan berterusan, maka iayanya biasa-biasa aja.. seperti Experimen Katak di rebus pelan-pelan tidak terasa panas tiba-tiba mati.",@citacitajutawan,0,,3 minggu yang lalu,1779546141.442463
UgwMrfreU_VQ_6G6RdN4AaABAg,"presiden Habibie sang pencipta teknologi pesawat terbang membuat rupiah menguat terhadap dollar 
presiden Wowo sang pencipta import teknologi pesawat tempur membuat rupiah lemah terhadap dolar+ IHSG ambruk+ rakyat Indonesia maluuu dengan statement pidatonya...jangan pindah ke NTT daerah belu transaksi jual beli pake dollar AS",@JAYADIKUSUMA-y2b,0,,3 minggu yang lalu (diedit),1779546141.442463
UgxAkuSP_hRj4mo6zS14AaABAg,"Serasa kuliah, thanks ko ilmunya! Sering2 bikin konten gini 🙏🏼",@Hendrwn,2,,3 minggu yang lalu,1779546141.442463
UgxRRdvFSmLlSib21_x4AaABAg,SAHKAN RUU PERASAAN ASET biar jera tuh koruptor,@Ciluk_BaCh,0,,3 minggu yang lalu,1779546142.493628
UgyM0A9s1sFlVi5GNkB4AaABAg,makasih Ko Leon,@kardady,0,,3 minggu yang lalu,1779546142.493628
Ugy4QWS_7FaIru7qgpl4AaABAg,Bubarkan utusan2 khusus dan jabatan wamen. Kalau mau efisien,@antonifajarai4294,0,,3 minggu yang lalu,1779546142.493628
UgxPZo_OMCZfuW04OFV4AaABAg,Kalau emas cocok tidak kak untuk melindungi nilai aset kita?,@LuckyHokiShop-z8p,0,,3 minggu yang lalu,1779546142.493628
UgyoV-9lr9I4QrKE_VV4AaABAg,"Saya hidup didesa, saya kalau belanja pakai daun😂",@MuhammadSholihin-pj4ff,0,,3 minggu yang lalu,1779546142.508051
UgxFrS9Kr1M-kymTTNt4AaABAg,Ringgit Kukuh mnakala Rupiah lemah ..Bgitulah jika negara dipimpin oleh org bodoh..Syukur jadi rkyat Malaysia ..,@lloqBijan2020,0,,3 minggu yang lalu,1779546142.508051
UgyR9RNNwYC3amLJU214AaABAg,Kami selalu berdoa utk kebaikan negri ini ayooo rakyat semua satukan tangan utk melawan mereka yg jahat jgn sampe terulang peristiwa 98 jgn sampai jatuh ke lubang yg sama kita pasti BISAA kita pasti KUAT hidup INDONESIA hidup pa PRABOWO GIBRAN hidup rakyat INDONESIA 💪💪💪💪💪💪 kini saatnya menunjukan kepada dunia siapa sebenarnya INDINESIA kami bangsa besar kami bangsa kuat💪💪💪💪💪,@asepbudi118,0,,3 minggu yang lalu,1779546142.508051
Ugx7PWdS5xHpHfGCC5F4AaABAg,Makin suram sih...pengamat kasi saran tapi bebal.. begitulah orang dungu.. bodoh di habisin sendiri.. investor jg menghindari klo tidak ada kepastian di sawitzerland,@taufik_kenno,0,,3 minggu yang lalu,1779546142.508051
Ugw1sctU7Fh6U15aY9J4AaABAg,"Om semoga baca pesan ini, kalo boleh di upgrade mic nya om, sangat kasar banget dan berpasir, banyak mic proper dan nyaman kalo di dengar, saya penonton setia jadi ga betah kalo pake TWS atau headset, jauh banget kalo abis nonton dari ferry irwandi dan astronacci, halus banget suara videonya dan ga berpasir kaya gini",@marvin_art,0,,3 minggu yang lalu,1779546142.508051
Ugx2msIMxuzuqLQDcR54AaABAg,"leon cuman bisa ""misalnya""-""misalnya"" terus dari awal sampai akhir, gak bisa eksekusi secara nyata (ini cuma joke ya)

but nice video sih, bisa jelasin pakai data dan fakta juga",@bresi1171,0,,3 minggu yang lalu,1779546142.508051
UgwveMk7-CSSmPkAiEt4AaABAg,bkn cmn dollar yg menguat tpi emng rupiahnya aja yg ampass,@ophayyyyy,0,,3 minggu yang lalu (diedit),1779546142.508051
Ugx_sYrTU5IMzzs3PTx4AaABAg,"memang udah benar jalan gw..
dari tahun 2017 gw selalu invest di saham2 USA dan tak pernah di IHSG.
dan stiap cuan yg gw dapat langsung gw simpan dalam bentuk US dolar dari tahun 2017.",@JOEX3D,0,,3 minggu yang lalu,1779546142.508051
Ugz6One7DO_eXnqyU5t4AaABAg,"kepastian hukum? liat tuh bos djarum yg dapet penghargaan wajib pajak teladan. Begitu dia nolak setor ke ""you know who"", langsung jadi pesakitan. Pegimana loe yg bukan wajib pajak teladan.",@robyroby-ht6zr,0,,3 minggu yang lalu,1779546142.508051
UgwIpn781hzNnNp_ntZ4AaABAg,"bos indon ngak kena pajak lagi bos .. beda sama FR .. indon pajak ditanggung gov .. jadi pure , problemnya cuma indon itu kalo dalam USD begitu idr turun banyak itu indon turun lagi",@2c007,0,,3 minggu yang lalu,1779546142.508051
UgweKHXsNNUC84L1yi94AaABAg,"Gila inflasi 30% dlm setahun bisa kaya raya jika dpt bunga kaya gitu, gaji aja ngak naik 2% setahun aja berat, yah  pantes memang inflasi dlm negara sendiri biangkeroknya. Yah 2026 lebih parah secara ekonominya tapi politik ngak sama kaya 98 krn pakar koruptor sdh 100% bersatu ambil langkah lebih baik dengan cara korupsi resmi tanpa diganggu rakyat..😂😂😂,.. cek sendiri program pemerintah apa benar berpihak ke rakyat atau  kita sdh tauh semua.. wkwkwkwkw",@yuliyuli8987,0,,3 minggu yang lalu (diedit),1779546142.524092
UgwDO1WZQPG_Xi9zgp94AaABAg,hari ini 17.8 koh Leon... kayaknya bakalan ada videonya trus nich sampe 20.0,@aryoarsianto4632,0,,3 minggu yang lalu,1779546142.526483
UgyaJbRjWjY82c9jvQt4AaABAg,pejabat kita terlalubodoh untuk memahami ini bang leon...,@jajangnurjaman3697,0,,3 minggu yang lalu,1779546142.52849
UgxOnOuoPKORs3IsYYt4AaABAg,"Literasi yang sangat BAIK & PRAKTIS, Koh... Tks 👍🙏",@liveandletlive4215,1,,3 minggu yang lalu,1779546142.530489
Ugy4JQfRRktc9oVpBot4AaABAg,intinya : kesejahteraan bangsa TERGANTUNG dari MORALITAS para pemimpin dan para pejabat negara,@hpagalla,5,,3 minggu yang lalu,1779546142.53149
Ugzui6ryeTsq7UQzdaJ4AaABAg,"panggil hengky dulu, mau denger dia soal Saham Sini, wkwkwkwkwkwkwkwkw",@Dragonn007,0,,3 minggu yang lalu,1779546142.53349
UgyZlAT9-0e1HXXrYCB4AaABAg,Apa yg mau diharapkan sama pemimpin yg gak kompeten,@rhzcb,0,,3 minggu yang lalu,1779546142.860072
UgwsRqMvyhjinTiyH8N4AaABAg,"pertanyaan apakah memang sengaja dilemahkan dengan tujuan strategis pemerintah ? walau negara lain juga terdampak oleh dolar us, tapi rasa2 nya turunnya nominal rupiah tidak seperti negara lain (kalo itu mau di bandingkan). tapi apa tujuannya ?",@dalfarosi,0,,3 minggu yang lalu,1779546142.867274
Ugx3ZHEpzxO3FU5SbKZ4AaABAg,"Thank you, Leon untuk insightnya! 
Podcast ini selalu menawarkan alternatif solusi -growth mindset. Like.. yeah we're fucked up. Now what? Dan langsung bedah masalah dan menawarkan solusi. 
We're in this together...! 🤝Xie xieeeee!!!
Wowo n gank gak diajak tapi 😝",@riesusbandayani,1,,3 minggu yang lalu,1779546142.867274
Ugy_aXDmde2WW24CI4N4AaABAg,"Kepercayaan gue ke program pemerintah sndri rendah skrg
Terkahir gue beli Obligasi pemerintah saat jaman jokowi
Era prabowo sama skli belum pernah beli lagi.

1. Gue lebih bisa ngitung multiplier efek dari pembangunan infrastruktur yang masih perputaran uangnya akan gimana dan negara akan dapat peningkatan uang seperti apa. Dan jujur aja nilai asetku berkembang banget di era ini karena ekonomi di bawah tidak terkonsentrasi ke 1 sektor karena yg kena multiplier atau penerima manfaatnya inderict banyak. Alhasil penerimaan pajak peniliaan ku akan naik, dan disitu gue tau utang yg gue kasih uangnya bisa dikembaliin gimana karena golongan menengahnya naik dan punya uang. 
2. Era prabowo sekarang semuanya terkonsentrasi perputaran uangnya dan penghentian banyak infrastruktur strategis plannya, uang yg sangat besar itu cuma ada di sektor fnb dengan mbgnya sektor diluar itu agak susah untuk dapet cipratan manfaatnya, uang besar itu cuma ada di sektor alutsista yang bahkan bukan untuk rnd dalam negri tapi langsung di setor ke luar negri sekli lagi gda manfaat yang bisa dirasakan indirect diluar sektor itu. Dan ada lagi kopdes yang malah coba matiin alfamart dan indomaret yg malah makin matiin yg industri yang udah jalan. Dll semua programnya terkesan grande tapi uang dan penerima manfaat indirect nya terkonstrasi. Gue gtw gimana cara uang gue dibalikin kalau gue beli obligasinya, bahkan klo ini perusahaan pun gue juga ragu kasih utang klo sumber uang mereka dan spending mereka terlalu terkonsentrasi di beberapa titik saja dalam kategori ekstrim.",@ribkahelindra8720,0,,3 minggu yang lalu,1779546142.867274
Ugw5ueWag-17QbDB8Ld4AaABAg,"makasih ko Leon, sehat selalu, GBU",@miraseptiana7,1,,3 minggu yang lalu,1779546142.867274
Ugxh0i0mFgH8lt4dz_14AaABAg,PRABOWO ITU SURUH DIAM SAJALAH...!!!! OMONGAN KELAS BOCAH SOK JADI PRESIDEN...!!,@Luffy-ds8py,0,,3 minggu yang lalu,1779546142.874431
UgzHk8JRTAfnOF5YJm94AaABAg,Andry Hakim mana bro,@delta7520,0,,3 minggu yang lalu,1779546142.875788
UgzkR6gCT9k4I-qXfx94AaABAg,Bro Leon lo benar kasih paham publik tapi masalanya bagi kita rakyat jelantah krocomumet ini gaji tidak naik maka ancamanya selalu PHK 2 terus itulah yang bikin kita ngamuk mendadak nanti,@romulo8849,0,,3 minggu yang lalu,1779546142.878265
UgzbsDqqvrD9WJHpfFp4AaABAg,"Thanks, GBU! Gw pribadi usd di kripto terus earn fleksible ko :D",@michaelevanojunior,0,,3 minggu yang lalu,1779546142.880264
UgxnMDh9GcYu95zngiB4AaABAg,"Setelah ini pasti bermunculan survey survey Kepercayaan rakyat kepada pemerintah 99,9% wkwkw",@ahmadiofficial4398,0,,3 minggu yang lalu,1779546142.881265
Ugx9IsvTEWgZhdBCcRh4AaABAg,"eMBeGeeeeeeeeeeeee...... 
Hidup jokowiiiiiii...! 
Hanya itu dipikirannya... 
Masih lebih hebat ketua kelas gua dulu masih TK",@DeanFerhy,0,,3 minggu yang lalu,1779546142.883481
UgyfDD5YR6YLuVFC5aF4AaABAg,"orang indonesia banyak yg pinter, tapi yg duduk di pemerintahan pada tolol semua . kocak .",@hiddenguy7731,0,,3 minggu yang lalu,1779546142.885491
UgzY33EZe3cnEAoPCQZ4AaABAg,"MERDEKA itu artinya BEBAS dari PENJAJAHAN/PENINDASAN dari negara lain (Jepang, dll) atau PENGUSAHA/INVESTOR (VOC, dll)

Adapun MODAL AWAL untuk mewujudkan KEMERDEKAAN Indonesia itu adlh dg MERAMPAS Pabrik2 atau Perusahaan2 milik PENJAJAH (pengusaha/investor), yg 

bila Pabrik2 atau Perusahaan yg sahamnya 100% dimiliki oleh NEGARA (RAKYAT) itu terus diperbanyak, maka

KETERGANTUNGAN pd PENGUSAHA/INVESTOR akan semakin berkurang, sehingga NEGARA (RAKYAT) RI tdk lagi bergantung pd PENGUSAHA/INVESTOR dlm MENGURANGI jmlh PENGANGGURAN, KEMISKINAN, dll
Ma'af jika saya salah. Rahayu...Rahayu....Rahayu",@Qilaa6789,0,,3 minggu yang lalu,1779546142.885491
UgzECOpA7M4BTeGuG_54AaABAg,"Long story short, jadi intinya tuker Rp kita ke dollar? Makin banyak sell offnya? 

Great insight untuk cari usaha lokal yang omzetnya dollar. But Any other thoughts untuk tetep jaga dalam ekosistem indonesia?",@AdityaJulio,0,,3 minggu yang lalu (diedit),1779546142.885491
UgxOAkwBtNJcuKI6GTp4AaABAg,"Cara penjelasan dan komunikasi yang bagus. Bisa jadi jalan tengah utk mendapatkan informasi berdasarkan data. Dibandingkan melihat berita/social media yang hanya menghighlight sisi positif atau negatif secara berlebihan.

Kalau gaya komunikasi pemerintahan kita seperti ini, mungkin rakyatnya juga bisa lebih tenang.",@abangkisp,0,,3 minggu yang lalu,1779546142.89112
UgzONeMzjtFZ3mDf3S94AaABAg,Makasih ilmunya koh.,@whoasd,0,,3 minggu yang lalu,1779546142.892142
UgzIQMtscUt8-rPMrb14AaABAg,Sedunia mengalami krisis yg sama. Tapi cmn indo disekitar ASEAN yg jatohnya segininya dgn potensi dalam negeri dan sumber daya yg ada jauh lebih daeri negara tetangga lain. Ya artinya murni kebodohan pemerintahannya,@Roxst1905,0,,3 minggu yang lalu (diedit),1779546142.894712
UgwpjkOsu7ii4oa2n754AaABAg,gak ada kebijakan yg gk ad efek negatifnya. semua ada tradeoff jgn terlalu idealis,@pencarirupiah2858,0,,3 minggu yang lalu,1779546142.894712
UgxdKoSzITMaH2pPrJ94AaABAg,pasti   salah  asing asenk  ahok aguan  soros,@c5x6xserx11z1uxse,0,,3 minggu yang lalu,1779546142.894712
UgxObNajxUDySFAqzQV4AaABAg,pemimpin bobrok,@Bikolbalado,0,,3 minggu yang lalu,1779546142.894712
UgzT3CWMALlbOi5Ix5V4AaABAg,"Itu  urusan peme rintah 
Urusan loe  jaga  value kekayaan loe ,
Sebelum   kemakan devaluasi , dan inflasi  !!

Beli  valas atau emas 
Cepetan  bro !!",@irwantrahmat9441,0,,3 minggu yang lalu,1779546143.258953
UgycT1Z8cljq_GWFKEZ4AaABAg,"Ijin koreksi ko Leon, untuk INDON/INDOIS tidak dikenakan pajak karena pajak ditanggung oleh pemerintah.",@nandaviriya4111,0,,3 minggu yang lalu,1779546143.258953
UgzyUKTJ6f1QoDm4aJN4AaABAg,"gimana mau menguat rupiah, wong presiden nya aja gak peduli. kan rakyat desa gak pake dolar. santai aja pasti usdidr naik.",@nikkokurniawan2746,0,,3 minggu yang lalu,1779546143.258953
Ugy1CHQU_-0MN3IujI14AaABAg,"""USD melemah terhadap Advance/Emerging market, IDR melemah terhadap USD"" :D",@tradernubie2041,0,,3 minggu yang lalu,1779546143.258953
UgzJMEmeLX6L9ZGik1l4AaABAg,"solusinya ekonom2 perlu di kasih MBeGe, supaya analisanya bisa positif 🤣",@Ipman07,0,,3 minggu yang lalu,1779546143.258953
UgxE_0J_aTOYBR9kCot4AaABAg,Dari 2011 new normalnya melemah terus. Parah ni negara. Gimana mau cinta rupiah kalau nilai tukarnya buruk begini,@jonpaul3868,0,,3 minggu yang lalu,1779546143.258953
UgyGdX7HhhuHNN05hwV4AaABAg,"mann, so hopeless lah ya",@abduhalim810,0,,3 minggu yang lalu,1779546143.258953
UgwZn2_XdHU5jK_ZBZ54AaABAg,Kocak opo koclok,@ArisMujono-e3p,0,,3 minggu yang lalu,1779546143.258953
UgwRXt_21qBrqwBEB1x4AaABAg,"bertahun tahun ngebet amat jadi presiden, sekalinya jadi langsung mencret",@-savy-,0,,3 minggu yang lalu,1779546143.275614
UgwdH2Wv-X31XQtffIJ4AaABAg,"Untung gua nimbun dollar di paypal mukai 5 tahun lalu waktu masih kurs 14ribuan dan belum gua cairkan
Hasil transaksi sama orang asing, mayan lah",@johnweack,0,,3 minggu yang lalu,1779546143.275614
Ugwqbb8_DkggfwRnA0R4AaABAg,"Dgn kata kain negara lain lagi pesta karena dollar melemah, tpi indo menangis karena pemerintah gk paham peluang 😅",@DogeRider985,0,,3 minggu yang lalu,1779546143.275614
UgwVP4V9PyGh-mIkAS94AaABAg,"Thank You Bro Leon...
krna pengajaran yg super sederhana by compare, by data, by grafik & by year to year...
hari demi hari saya semakin terbuka matanya ke depan harus bagaimana untuk berkembang & bertumbuh dlm bidang saya + semakin mengerti perputaran mata uang di setiap negara...

semakin menjadi terang & garam Bro Leon
GOD BLESS U & FAM...",@suryairawan348,6,,3 minggu yang lalu,1779546143.275614
UgwmumnD1WG_9PJKMYx4AaABAg,"Pekerjaan loe gaada harganya 😂, mending cari cara gimana caranya kerja di luar negeri. Cuci piring kerja 2 minggi dah dapet iphone terbaru di negara maju😂",@dwiyulianto5558,0,,3 minggu yang lalu (diedit),1779546143.275614
UgyTlPzSXa4H7FC5qE14AaABAg,"boros di 
MBG nya",@peterloei9223,0,,3 minggu yang lalu,1779546143.275614
UgxixdZkqqkmQv1J4z54AaABAg,Harus coba ahok jd presiden,@barrysiantoro6590,0,,3 minggu yang lalu,1779546143.275614
UgzwwbpHblbm0QFdEqd4AaABAg,Ngeri komentarnya banyak buzzer2 bayaran asing. Semoga masyarakat indo bs kuat,@krocat3,1,,3 minggu yang lalu,1779546143.275614
Ugw9WCDct2daGAuWN-F4AaABAg,2013 mulai jaman president ngebor utang kan,@kokokiki3225,0,,3 minggu yang lalu,1779546143.275614
UgxTbKrgoefcLN2yTcZ4AaABAg,"Selama domestik dan fiskal masih begini ya jgn harap apa""",@SitiFatimah-kk1ro,0,,3 minggu yang lalu,1779546143.275614
UgwvMjFP612J5S5a4Ax4AaABAg,Singkat saja. Semua investor kabur,@sugionotani4862,0,,3 minggu yang lalu,1779546143.292164
Ugza5J8XcCbCpFtxyrx4AaABAg,"sebenarnya nilai tukar MATA UANG turun itu gak masalah asal NERACA PERDAGANGAN EKSPOR kita kuat, China malah dengan sengaja menurunkan nilai mata uangnya agar produknya keliatan lebih murah, masalahnya kita itu negara PENGIMPOR dari mulai minyak, biji plastik, gandum, gula, kedelai, bawang bombay bahkan garam, prediksi terdekat 18.250/1$ jika JEBOL 22-25rb/1$ 👈",@widhiid8053,7,3,3 minggu yang lalu,1779546143.292164
UgwePzHViPBZUTp7j4R4AaABAg,"Please keep creating, mas leon! Thank you",@indratanaya5701,1,,3 minggu yang lalu,1779546143.912066
Ugxh2jjrA_2w6Hw5NeR4AaABAg,INDON dan INDOIS PPH nya 0% karena masih ditanggung Pemerintah ko Leon,@anonym77-02,0,,3 minggu yang lalu,1779546143.912066
UgxtjfDM_1r6PiR4q1N4AaABAg,"Saya yakin klo program MBG ditunda terlebih dahulu Rupiah akan menguat, tinggal Ego pemimpin apakah bersedia itu salah satu cara mengembalikan kepercayaan Publik.",@bambangheri,0,1,3 minggu yang lalu,1779546143.912066
UgwmZ9ne-SlKYdug53V4AaABAg,Yg nyoblos kmrn nyesel ga ? Teddy bear dan bapak presiden kok opini nya ga peduli begini,@mariaf2087,0,,3 minggu yang lalu,1779546143.912066
Ugw7UFx9ajmOgrQnsL14AaABAg,"Klu di desa memang kebutuhan makanan ya masih cukup terpenuhi tapi transportasi, obat2an, pupuk jg masih beli dan tambah mahal",@77lolallo,0,,3 minggu yang lalu,1779546143.912066
Ugxv6jmSdBcTjWGGv-N4AaABAg,"Aku mau pindah ke desa ah
Kan gak pake dollar",@PianSupri-y8g6k,0,,3 minggu yang lalu,1779546143.912066
UgxzwcDE6s-p-LMIONx4AaABAg,Hari ini ada info dari menkeu klo siapkan dana 420 T untuk buy back SBN apa ini langkah yg tepat ko leon buat turunin rupiah ?,@joesteve777,0,,3 minggu yang lalu,1779546143.912066
UgywXNRx4tY8stNrOW94AaABAg,Penguasa sudah tidak dipercaya lagi ..,@kasamago,6,,3 minggu yang lalu,1779546143.925091
UgzeLOao8KUOreLu7ml4AaABAg,MASALAHNYA ADA DI PRESIDENNYA SI PRABOCOS DAN MENTRI2NYA TERMASUK SI PURBACOT YANG DENIAL BIKIN EKONOMI AWUR AWURAN,@kirimajabreekirimajabree,0,,3 minggu yang lalu,1779546143.926479
UgxGEiLzctHZpog2_dx4AaABAg,ok...back to sleep,@MrJihadkoplo,0,,3 minggu yang lalu,1779546143.926479
UgwuuWXl9ayNl53egeh4AaABAg,"yah begitulah kalo kita dijadikan sapi perahan....kita bener2 udah jadi hewan piaraan di kandang yg bisa diperas tenaga, uang, skill dsb2, untuk keuntungan orang2 yg mengelola.",@dyonne79,0,,3 minggu yang lalu,1779546143.926479
UgyBYKEk1AT0eGHG2UN4AaABAg,"Saya pikir perlu ada Action ya dari Pemerintah untuk berkomunikasi yang balance dan transparan dengan rakyat. Pemerintah harus peka dengan Topik yang lagi hangat yaitu Dollar Menguat dan program unggulannya, terus dampaknya ke rakyat apa. Karna walau bagaimanapun kan mereka yang memiliki wewenang untuk kebijakan. Data harus terbuka dan valid sifatnya, agar acuan diskusinya sama. karna, kalo datanya gak sama percuma dibahas gak bakal nyambung. 
Ibarat anak mau ngomong sama Bapaknya, gak pernah kejadian, akhirnya komunikasi jadi ruang hampa. Nah Ruang Hampa komunikasi ini yang selalu jadi masalah antara Pemerintah dan Rakyatnya. Padahal semua masalah bisa di selesaikan kalo ad komunikasi. masa satu intansi suatu kementrian gak ada sih yang bisa diajak komunikasi. percuma. kita hub call center mereka,. karna sifatnya kan satu arah doang.",@julisplace2347,0,,3 minggu yang lalu,1779546143.926479
UgyqTaxXGvrmbsW8cQR4AaABAg,"Edukasi yang sangat bermanfaat, semoga sukses ko Leon",@PenguasaJagadunia,2,,3 minggu yang lalu,1779546143.926479
Ugwx6h5bk1WmN9WdNxB4AaABAg,"Emas, Silver, Property, collectibles gak dibahas? Itu bisa jadi alternative investasi juga gak? Low risk atau high risk? Direcommend gak? Mohon masukannya. Trims",@jusufsyahrial867,0,,3 minggu yang lalu,1779546143.926479
UgxexbEgm5H-VbsMZvV4AaABAg,"Kalo gold masuknya ke less atau high risk ko? 

Soalnya kalo USD dijelaskan dalam indeks aja lagi melemah sama mata uang negara lain,",@MrDailamifirdaus,0,,3 minggu yang lalu,1779546143.926479
UgyZ49ZSwke394BKFtB4AaABAg,dikit lg  rp.17.845 perdollar . mungkin ini ingin dicapai pemerintah mendekati hari kemerdekaan pak,@razkafly,1,,3 minggu yang lalu,1779546143.926479
UgzTxRbzKP9IWggHTwJ4AaABAg,wkwk panjang lebar penjelasan eehhh..ternyata biang keroknya cuma  MBG dan Kopdes MP😂😂😂,@andrepongoh2369,0,,3 minggu yang lalu,1779546143.926479
UgwAevM1cxaksP27v3l4AaABAg,"AYO KORUPSI LANJUTKAN
ANCURKAN NEGARA INI
KORUP ITU ENAAKKK",@madechannel6370,3,,3 minggu yang lalu,1779546143.926479
UgyaQYHCCFcwp7oDgCZ4AaABAg,"Perusahaan2 swasta dan bumn telah bekerja keras, tapi pemimpin2 dan dpr dprdnya hasil money politik yg pasti berharap uangnya kembali, sukur2 cuan luber",@NasrulKholiq-xn3qu,0,,3 minggu yang lalu,1779546143.942769
UgwSXiXd9ZSglNnGiTx4AaABAg,"terima kasih pelajaran nya,50 menit saya nonton saya gak ngerti yang di omongin.serius",@SaujanaSuhendra,0,,3 minggu yang lalu,1779546143.943266
UgxMqUsiD5RcZlMtlMt4AaABAg,"menterinya YES MEN pula, haus validasi pula, udah combo maut",@muhammadihwanudin,0,,3 minggu yang lalu,1779546144.540939
UgwenQS0RyYL6Be1Cap4AaABAg,"Cmiiw, kupon dan capital gain INDON INDOIS bebas krn ditanggung pemerintah.",@zoomtan8882,0,,3 minggu yang lalu,1779546144.543939
UgwicX3YPDRyaQwaDtZ4AaABAg,kasian zimbabwe disalahin mulu :),@AlgorithmicID,0,,3 minggu yang lalu,1779546144.545787
UgxsrdpsX3a0dR2CuS54AaABAg,"Sudahlah tak usah pake data anak smp aja tau kenapa rupiah lemah. 
Mbg asuuuuu hapus",@orochimaru93,0,,3 minggu yang lalu,1779546144.547795
UgxpnmV2Tb2X_KUVnqt4AaABAg,Pembanding antara uang dong dan uang  rupiah  vs uang dolar dari tahun 2010 ... 2026,@djudijonodjupri7071,0,,3 minggu yang lalu,1779546144.548795
UgzdGCSYujZotHbJULN4AaABAg,"Stop menyalahkan asing, aseng! Jangan playing victim, Indonesia gabisa maju karena kita dijegal, bullshit! Yang bikin rusak ya pemerintah beserta sistemnya!",@juliancobain9970,57,4,3 minggu yang lalu,1779546144.550795
UgyvYwUaM6IkGdP9XI14AaABAg,"Cukup aneh tapi nyata. Sejarah terulang dengan sendirinya. 

Sudah rutin berdoa selama bbrp tahun untuk kemakmuran bangsa ini. 

Tapi faktanya: Rakyat Indonesia seperti ayam yang mati di lumbung padi. Sedangkan penguasa terlalu boros, ugal-ugalan pakai uang rakyat, anti kritik dan terlalu otoriter. Sangat menyedihkan. 

Sampai kapan akan muncul Ratu Adil?",@Sarifuddusman,0,1,3 minggu yang lalu (diedit),1779546144.551795
UgwzIwx9jqLp9kPG5Jh4AaABAg,PRABOWO PRESIDEN MBG (MALING BERKEDOK GIZI) 😅😅,@KocokKing,1,,3 minggu yang lalu,1779546144.553801
UgxbWKonIq_onmSCKe14AaABAg,2035 semoga IDR tembus 25-30 ribu biar gue makin cepat pensiun 😇,@aussa-one,0,,3 minggu yang lalu,1779546144.555795
UgxJLvIXKVMtH7ycz5B4AaABAg,"Santai aja bos...
Ntar 17 Agustus Nilai tukar kbakalan di 17845",@sunrevolver,1,,3 minggu yang lalu,1779546144.556795
Ugw_FxGIPkMl1wYYW6x4AaABAg,Ini namanya krisis global utk seluruh dunia bkn hanya Indonesia,@kathryntjakra7140,0,1,3 minggu yang lalu,1779546144.558929
UgxWiQeNZrIp0Shrl6R4AaABAg,"Masalah nya satu MBG yg ngawur, kayak bunuh nyamuk pake granat, tidak mengena, jadinya pemborosan, yg ujungnya bikin fiskal tekor dan rupiah tersungkur",@darmawan88,0,,3 minggu yang lalu,1779546144.559938
Ugxq5GmvK9gn5Y_eaA94AaABAg,"geng soros  lagi kenceng ato abis2an amunisi nih face-blue-smiling, panas2xin terus lewat lsm spt: cel10s, kurungkurawal plus profesor2 bayaran dan media2x semacam tempe dkk plus tambahin nobar party bab1 di lapis lagi persiapan demo Pelangi. WAHAI RAKYAT JANGAN MAU DIPANAS2I OLEH MEREKA2 INI, NANTI MEREKA PULA YANG MENIKMATI DARI KERIBUTAN YANG MEREKA RANCANG INI",@fendysetiawan-n5o,0,,3 minggu yang lalu,1779546144.562646
UgxDjLmJvNPqvJiPFCx4AaABAg,"Keadaan sdh spt ini tdk ada yg bisa saling mdnyalahkn bkn hanya Indonesia sj tp berdampak utk seluruh dunia semua ini krn pengaruh perang jdi berdampak utk seluruh dunia tdk boleh saling mdnyalahkn, bagian kt masyarakat hanya doakan sj spy ekonomi Indo membaik spy rupiah bisa menguat",@kathryntjakra7140,0,3,3 minggu yang lalu,1779546144.564738
Ugx_igeMNPj7VQsgwM94AaABAg,SELAMA JIWA PEMIMPIN NYA JIWA MALING.. IDR AKAN TETAP MELEMAH.. KRN INVESTOR GA PERCAYA KRN BYK MALING..,@danielwong3586,0,,3 minggu yang lalu,1779546144.565738
Ugyjn42YO7fAYfW0bZh4AaABAg,Mau di kota mau didesa sm sj km jg hrs mkn utk blanja ya pake uang yg sama rupiah kt hanya bisa doakan spy ekonomi membaik aja rupiah bisa menguat smua jg pengaruh dr perang kok,@kathryntjakra7140,0,,3 minggu yang lalu,1779546144.567738
Ugx3IWa-Skw9YDsq79h4AaABAg,Aku hanya berharap ke LANTAI KAMAR MANDI,@KingEmyu124,0,,3 minggu yang lalu,1779546144.56974
Ugwg6y8F3xpcJhqOhhl4AaABAg,Sudah saatnya fufufafa turun tangan membenahi anjloknya Rupiah 😊😊😊,@ucok_merdet,0,,3 minggu yang lalu (diedit),1779546144.571738
Ugy89raHe-sL82tlQA94AaABAg,Ya di Lumajang juga nasi pecel masih 11 k,@asrofinsulkhanqosim6721,0,,3 minggu yang lalu,1779546144.572738
UgyOGYV71nb2iNEhoEt4AaABAg,Extrapolasi ???,@travelcheck-eq,0,,3 minggu yang lalu,1779546144.574738
UgyFr38FxIdl86TH51d4AaABAg,"Indonesia gak cocok demokrasi,,Indonesia harus di pimpin oleh pemimpin yang tangan besi,,parpol cukup 1 saja",@KeziaMulyaningsih,0,,3 minggu yang lalu,1779546145.847114
UgwNHHsT9DmmSPeUMat4AaABAg,cara menguatkan rupiah jual hasil tambang nikel dan yg hanya dimiliki oleh indonesia dengan rupiah bukan dollar. jadi rupiah dihargai oleh dunia. jadi yg mau beli harus tukar mata uangnya ke rupiah dulu .,@lambeturahan-l6c,0,2,3 minggu yang lalu,1779546145.848474
UgyoKui2SHVdHQ6XlQR4AaABAg,Bisa di cek lagi INDON free tax,@atbunjamin,0,,3 minggu yang lalu,1779546145.850479
UgyMVdereizC_QCXfE94AaABAg,"Harga minyak goreng naik luar biasa, pemerintah kurang open terhadap kenaikan komoditas ini sebenarnya HET untuk minyak goreng itu brp ?",@saifulirianto4897,0,,3 minggu yang lalu,1779546145.852485
UgzH0JaYgJqMnEnSlT94AaABAg,Ada postingan Andri hakim nyesel pilih Wowo itu hoax atau ga ya,@hasansugibit182,0,,3 minggu yang lalu,1779546145.854489
Ugyrsp1-i1Lt8QLjZi14AaABAg,"kenapa bukan orang seperti bro leon yg menjabt di instansi terkait yah,",@M-SUHADANanda,0,1,3 minggu yang lalu,1779546145.856494
UgzBSLQT307H8futUml4AaABAg,"Aku nggak ngerti ekonomi, tapi merasakan sulit n sakitnya kondisi masyarakat Indonesia komunitas import seperti kedelai dll udah pasti ada pengaruhnya dg nilai rupiah yg sangat lemah, begini kok dibilang rakyat di desa tidak mengerti/tidak tahu dollar, gimana sih Mr. Presiden !!!",@saifulirianto4897,0,,3 minggu yang lalu,1779546145.858499
Ugzx35oRX9WlouSf3ad4AaABAg,"Terima kasih bang, sudah menjawab dengan ilmu dan logika yg masuk akal dan mencerahkan, semoga sehat selalu bang, pelemahan rupiah saya yakin BI tidak bisa membaca pergerakan ekonomi, tindakan, seharusnya BI memberi insentif menurunkan suku bunga kredit menjadi 1% pertahun kepada pelaku UMKM yg fokus export ke luar. Dan UMKM bisa pinjam uang untuk mengembangkan usaha Dan seharusnya BI bekerja sama pemerintah untuk menggalakan dan mendidik mencetak UMKM yang bisa usaha untuk export, baru dolar banyak masuk dan jika banyak dolar us di Indonesia maka otomatis dolar jadi murah, untuk pelaku dolar yg parkir di Singapore atau luar negeri harus diancam pemerintah dengan hukuman yg berat sebab mereka yg membuat dolar us hilang akhirnya dolar menjadi mahal.",@papaacac,1,,3 minggu yang lalu (diedit),1779546145.858499
UgwUrPsHG8DolAZ7paF4AaABAg,"loe mau harap apa sama presiden yang menang karena MANIPULASI?! menang karena ""diendorse?! ternyata gak lebih pinter dari presiden sebelumnya. sadar gak sih dia itu presiden? presiden kok asbun?! indonesia bubar 2030 ehh ternyata dia yang bikin, SURAM BOSS!!!",@MakeSense6,0,,3 minggu yang lalu,1779546145.860504
Ugzjq2aveYRMNd4W1gl4AaABAg,Bukti nyata negri avg 78IQ....amburadul,@AvgIQ_78,1,,3 minggu yang lalu,1779546145.863752
UgyAY3a8ZNkoGCH36Zt4AaABAg,Usd tidak mengguat lihat aja chart dxy usd sideway ini gak ada naik signifikan chartnya tapi coba lihat chart sgd dan mata uang lain seperti swisfr dan ringgit naik kuat banget berarti ini orang juar rupiah untuk beli sgd ringgit dan swiss soalnya kalo harusnyabusd menggust chart usdt dominance dxy mengguat ini gak mengguat sideway usdnya,@benicebebeb,0,,3 minggu yang lalu,1779546145.863752
UgwCdhdtKT9Na3FNJL94AaABAg,"Lapor Bos, di surabaya sarapan lontong balap masih 12k, nasi madura 8k, ketan bubuk kedelai 6k. Nanti kalo dollar 20k saya info lagi😂",@chandysartono5404,7,7,3 minggu yang lalu,1779546145.866653
UgyNEtNOw7PKj-YuTtZ4AaABAg,"Solusi nya paling gampang export harus wajib pakai IDR,kalo berani ikuti cara rusia dulu saat rubel melemah",@iskaaa777,0,,3 minggu yang lalu,1779546145.866653
Ugw_ZigQ222IqIBrDlh4AaABAg,"Berdoa untuk Indonesia guys, kita komen negatif juga tidak akan memperbaiki keadaan. Kita diminta menggantikan menteri bahkan presiden juga sepertinya tidak akan bisa. Semoga orang sadar begitu memalukan dan merugikan korupsi itu, ingat hidup hanya sekali dan semua akan mempertanggung jawabkan perbuatannya di depan pengadilan akhir.",@guard1026,1,,3 minggu yang lalu,1779546145.866653
UgwRcANXsqo7izMDb7N4AaABAg,Perusahaan coal ama CPO mau diperas itu 😢... Taik bener lah,@OMdimas212,0,,3 minggu yang lalu,1779546145.866653
Ugxbimf350-f6tJLV394AaABAg,"Rupiah diserang biar lemah...
Aku beli saham² selagi murah ini...

Gk lama lagi akan naik..
Negara lain gk suka indo jaya",@faridmaftuhah3935,0,1,3 minggu yang lalu,1779546145.866653
UgzwgLVoXQ5evX6Ks_94AaABAg,Makasih Ko Leon utk edukasinya... slalu butuh hack utk melindungi nilai asset & cara nambah invome di saat kondisi ekonomi yg sangat buruk ini😢,@wahyunilahabu7939,7,,3 minggu yang lalu,1779546145.875683
UgzEE7yac2VTyrrDwdh4AaABAg,"Edukator dan investor seperti Bro Leon dan Bennix ini penting banget buat masyarakat Indonesia, Media berita sekarang susah di percaya...",@FindingRamenGo,3,2,3 minggu yang lalu,1779546145.875683
UgzohL2zYchx1inYGlB4AaABAg,"Currency itu gpp melemah bahkan bagus klo indonesia itu negara industri, supaya barang kita laku…

Yg jadi maslaah kan konglo kita bukan industrialis, yg didukung sama prabowo malah pengusaha2 kelas SD yg cuma bisa jual komoditas mentah, sementara barang jadinya impor semua, blom bbm yg impor dari sgd (selamat buat para pengguna mobil bbm yg udh jadi penyumbang devisa ke singapore 😂😂😂😂)…",@superal9,0,,3 minggu yang lalu,1779546145.87893
Ugx6zIMUFbZtm3NTXpt4AaABAg,Terlalu boros pemerintahnya 😢,@annamargaretha5642,0,,3 minggu yang lalu,1779546145.880637
UgxfriAhDBncoxfpoBx4AaABAg,"3 Fase:
Fase 1 (Sebelum 98): Sebelum Krismon
Fase 2 (1998 - 2013): Reformasi
Fase 3 (2014 - Sekarang): Jokowi dan penerusnya",@ibrahimyusuf-st-mba,0,,3 minggu yang lalu,1779546147.398849
Ugx4uwYK8rW-u9klB7h4AaABAg,"Sepertinya ada juga yang senang dan diuntungkan dengan melemahnya rupiah terhadap dolar, mereka yang punya simpanan uang dolar atau digaji dengan dolar akan memamfaatkannya dengan menukarkan uangnya ke uang rupiah, jadi hanya sebagian kecil saja yang diuntungkan dengan melemahnya rupiah, mungkin termasuk koruptor yang punya simpanan dolar makin tambah kaya",@gakpengendikenal,0,,3 minggu yang lalu,1779546147.400851
Ugy7ReuHLp9KVquIUjN4AaABAg,"Pelajaran penting untuk setiap generasi....mungkin generasi2 yg sekarang gak tau siapa yang dia pilih, dan gak mau tau siapa yg akan dia pilih....... Lain kali pelajari benar2  siapa yg akan kalian pilih.",@xp2autocare,0,3,3 minggu yang lalu,1779546147.402778
Ugz5YmZbuhFzmycVdTx4AaABAg,njir jadi buzzer,@OkyKurniawan-fo8kr,1,,3 minggu yang lalu,1779546147.402778
UgwP3a8duTSVy7vrU8t4AaABAg,"Intinya pejabat di negeri ni, terlalu biadab.",@jryand8807,8,1,3 minggu yang lalu,1779546147.402778
UgxgQSEoK7AfvPlOP2V4AaABAg,"Bro Leon berusaha membuat orang tidak panik, tapi dengan tidak panik maka tidak akan ada solusi.",@opaypurnawan,6,,3 minggu yang lalu,1779546147.402778
UgxwK7bQacuvVespVUF4AaABAg,"with all those denials from goverment, kenaikan 7,5% dalam satu tahun terakhir bukan tidak mungkin menjadi ratusan persen seperti 98. my point is, perlu banyak narasi narasi keras yg apa ada nya saja, supaya kita “sadar” kalo kita ini dalam track yg beresiko tinggi seperti the econimist media said. terlalu banyak narasi “menenangkan” scr psikologis, tp tidak menitik beratkan pada seberapa berbahaya nya kondisi kita skrg ini. ugly truth saying lebih menyembuhkan darpd narasi narasi yg tersebar di media. khususnya narasi yg berasal dari goverment ya. kerusakan parah lingkungan, kehancuran mata uang, bobroknya pasar modal, sistem meritokrasi yg sangat corrupt, and so on. we are doomed guys. kita sedang berada di titik mau collapse sebagai nation. think about it",@GoldmanS666,5,,3 minggu yang lalu,1779546147.402778
UgzxHWlwgVTqMRDc7Mh4AaABAg,bang leon th 98 pejabat pinternya lebih banyak dari pejabat sekarang.😂🤣😂🤣,@GilangGal,1,2,3 minggu yang lalu,1779546147.402778
UgyHO8ZsIDdZqkQt_5d4AaABAg,PUPUK KANDANG NDA PAKE DOLLAR TO?? BERISIK KALIAN NETIJEN,@dropshippromo7493,0,,3 minggu yang lalu,1779546147.413515
UgxpBU-tiFnrcnwSjzZ4AaABAg,Sebenarnya ini kesempatan untuk memperkuat industri ekspor karna kurs kita punya keunggulan,@johnc4439,0,,3 minggu yang lalu,1779546147.415533
UgzX9SuqmDsfRSAL_bV4AaABAg,"Speak with Data, heran kalau ada yg masih bilang semua salah external factors",@winnieid2727,92,13,3 minggu yang lalu,1779546147.417861
UgwbRnEz0GikrHXefV14AaABAg,"tapi belum bisa prediksi akan dikali sama dengan 9 bulan kedepan, semoga dunia segera damai 😇",@spiritstories-22,0,,3 minggu yang lalu,1779546147.417861
UgwifQed5WLeRHBnKMd4AaABAg,"Hampir sama aja gw tinggal di desa & kota, intinya gedein earning power sblm menyesal. 😊🎉",@MantapBank,0,2,3 minggu yang lalu,1779546147.417861
UgytwxlL_65rbbac6kN4AaABAg,warga desa tidak membeli Indon ko,@kingabdul12,0,,3 minggu yang lalu,1779546147.417861
Ugzj_fk0Tcg-85ZcWGh4AaABAg,Kita di desa juga ambyar bos. Terutama sektor peternakan ancur-ancuran. Harga kandang telur sekarang 22.000 padahal harga yang dipatok pemerintah 26.000. harga kambing saat ini adalah harga terendah dalam 10 tahun terakhir. Malah pada mau pindah ke desa.....😂,@AhadiHadi-m8o,1,,3 minggu yang lalu,1779546147.417861
UgxuU028wI2RrKhlQuJ4AaABAg,"USD memang rata menguat, ditambah jgnlah malah koleksi $",@spiritstories-22,0,1,3 minggu yang lalu,1779546147.417861
Ugykt6oDhUsILKu-jzp4AaABAg,"USD di data2 tersebut hanya bukti bahwa dollar tidak pulang ke USA seperti yg orang2 bilang, jadi mayoritas dollar masi keluar dari amrik. Tapi leon mengabaikan data lain bahwa negara2 yg mengimpor minyak cenderung turun dan negara2 yg mengekspor minyak cenderung menguat. Jadinya kesannya kayak pelemahan rupiah terhadap dollar hanya terjadi di Indonesia saja. Silahkan cari aja negara2 yg ekspor atau impor minyak kayak gimana currency nya selama perang USA Iran ini. Di beberapa negara lain bahkan sampai melarang mahasiswa pergi ke kampus, selain untuk hemat bbm juga agar mahasiswa nya gak demo besar yg bisa berujung diturunkannya pemimpin negara.",@TakaTinHey,0,,3 minggu yang lalu,1779546147.417861
UgzLFkiZkRU4Wp40n1N4AaABAg,"disini harus ksih jatah preman, bukan preman ormas, itu mah preman abal2 yang gak pengaruh banget. preman yang di senayan",@supriatnoprio8237,0,,3 minggu yang lalu,1779546147.417861
UgzLP4w6npvR6ETownZ4AaABAg,"Yang pusing ya itu yg suka keluar negeri, hari ini pidato apa lagi ya beliau😂",@ToysHistory-ix3el,0,,3 minggu yang lalu,1779546147.431204
UgwJfp8FkIbP5ULhc4F4AaABAg,kita udah ga di fase cari cari masalahnya dimana? urusan solusi aja udah bnyk di tawarkan ekonom2 senior. cuma pemerintahnya BUDEK...,@wargasipil6228,3,2,3 minggu yang lalu,1779546147.433733
UgwukAj_FMBaCZCgd0t4AaABAg,"Intinya yg salah 90% DPR tp DPR nyalahin gubernur BI,KONOHA memang penyakitnya di DPR dan partai",@nanangyuliyanto-i9o,0,,3 minggu yang lalu,1779546149.436447
Ugzz7F74YF1CHa6QASp4AaABAg,"Mo dolar berapa ribu kek ,rakyat di desa kan gapake dolar",@ToysHistory-ix3el,0,,3 minggu yang lalu,1779546149.436447
UgwKKOzp-4nloPCcErd4AaABAg,"Buzzer tidak suka video ini

Auto buka valas cik 😁😁",@gabanpangestu,20,,3 minggu yang lalu,1779546149.436447
UgyF_TLn6o1Ecb-7NnN4AaABAg,Betul. solusinya pindah ke desa. No Dollar No IHSG,@NoFateNoCause,0,1,3 minggu yang lalu,1779546149.443113
Ugz5oy4oDuh4Ibwp8MB4AaABAg,Biasa yang bikin gonjang ganjing lawan politik,@tukangdolantapikaya5225,0,,3 minggu yang lalu,1779546149.443113
UgwFzRICcweOsb5q6j14AaABAg,"Hentikan pajak selama 5 tahun, dana MBG gunakan untuk mengcover pajak, ekonomi di bawah akan jalan, investor datang, lapangan kerja akan ada lagi, umkm jalan lagi, itu solusinya",@mohammadsaleh246,0,,3 minggu yang lalu,1779546149.443113
UgzcmeM26xHHSKDDCS94AaABAg,"Masalah nya bukan di keilmuan ekonomi kita yang tidak bagus, tetapi memang PEJABAT INDONESIA tidak ada niat untuk memajukan dan memperkuat Negara INDONESIA. Mereka (PEJABAT) taunya CUAN from negative side income alias KORUPSI.",@jprovd,181,27,3 minggu yang lalu,1779546149.443113
Ugz_e0nKj7-EWXE4Sq54AaABAg,PRESIDEN ANJING,@FidoLeon-ji3eb,0,,3 minggu yang lalu,1779546149.443113
UgwF-QI80MoV3uUrzVR4AaABAg,"Faktor umur Presiden tidak bisa di pungkiri, penasehat sih teddy, disekelilingnya anak didiknya, siapa yang berani memberikan masukkan yang bener, yang penting manisan dikasih biar makin gemuk presiden senang😂😂😂, kalo yg luar menasehati di katain ANTEK ASENG, udah gak ketolong paranoidnya Presiden, semoga segera bubar dah",@fendilie5564,0,,3 minggu yang lalu,1779546149.451814
UgzF0p6GW4D1JHei0lp4AaABAg,"beli usd, emas dan pegang cash. jd petani dan peternak. 😊",@padzika,0,,3 minggu yang lalu,1779546149.453308
Ugzs3wbjO_EfEZxt3CB4AaABAg,Bro Leon minus BRP portonya hahahhaa,@muhammadsahalhamid4274,0,,3 minggu yang lalu,1779546149.453308
Ugz_vWrjtECdl1VdObx4AaABAg,gila emang cino jowo menghancurkan negara ini 😂,@sheptian69,0,,3 minggu yang lalu,1779546149.453308
UgxXPtkwViFpIEAqSnV4AaABAg,"Capital flow 45%, goverment policies 40%? Seharusnya goverment policies lebih dr 50%, karena goverment policies juga mempengaruhi capital flow. Every thing dipengaruhi goverment policy, termasuk export import (tarif, so on)",@yuliantow7566,1,,3 minggu yang lalu (diedit),1779546149.453308
UgyLdTTpv6A89Vklzct4AaABAg,"gua uda nukar ke SGD setiap gua gajian bang, ini bakal lama soalnya guys. lo pada tau ga sih pajak bakal dinaikin TAU !",@chriswang119,1,2,3 minggu yang lalu,1779546149.459145
UgwxQkN2EIoWi-D9mK94AaABAg,"Lol gw bukan ekonom pun ga ngerti banyak soal ekonomi, gw cuma pake logika sederhana aja, banyak negara2 yang diserang ekonominya ataupun pariah (diisolasi) kaya Turki, Iran, Korea Utara, Rusia tapi mereka ga goyang kaya langit mau runtuh ketika inflasi mata uang. Berapa persen Turki kehilangan kekuatan liranya? gila itu, lho kalau di Indo orang udah keluar ngejarah dan rusuh, kenapa Turki engga? karena kebutuhan mereka akan impor itu minim, melemahnya lira ga jadiin Turki krisis pangan, lha kita gimana? kedelai, yang jadi makanan utama kita aja, 90% lebih kebutuhannya di impor dari luar, 75% dari AS, beras? impor, daging? impor, orang cukai sama tengkulak asik megang duit, giliran krisis pangan, makan tuh duit. Gila ya, anjing emang, mereka enak2an exploit ini negara digerus abis dan sekarang satu negara yang bayar akibatnya. Kalau krisis pangan, itu duit2 proyek ga bisa dikunyah, mereka lupa apa??",@deathcador,0,,3 minggu yang lalu,1779546149.459145
UgyHRMSP-GrI22xEKG14AaABAg,"Halo master. Ada miss nih
Indon tdk kena pajak. Bebas pajak",@tjitratjoa3715,0,,3 minggu yang lalu,1779546149.459145
UgytdluKIGgKUj7ixzt4AaABAg,"Mahal ilmu bang, terima kasih banyak",@sufyanzukirasmullah3162,0,,3 minggu yang lalu,1779546149.459145
UgzXXiOMp7U7-LBycRR4AaABAg,Turunkan prabowo gibran. Kabinetnya kabinet bagi-bahi kue isinya bocil-bocil nggak kompeten.,@winarso794,0,,3 minggu yang lalu,1779546149.467154
UgzDq9fs1vwL9_ik4RZ4AaABAg,Harus digulingkan si omon2,@daniedhan2396,1,1,3 minggu yang lalu,1779546149.468498
UgwXnWH6qT_PYH5lWol4AaABAg,kurang menarik klo di  indonesia soal less risk,@mayuto2,0,,3 minggu yang lalu,1779546149.468498
Ugy-NoNb4pTJ5RsHhul4AaABAg,"Klo gw pake logika sederhana.
Tahun dpn akan mulai perjanjian dagang Indo dgn Uni Eropa & bbrp negara lain, ditambah AS ksh tarif 0% produk2 Indo.
Investor pasti liat potensi nilai dagang & peluang inves.
Lembaga Rating Internasional sengaja kondisikan saham & rupiah anjlok,
skenarionya investor global borong saham2 murah meriah yg punya fundamental kuat.
Ibarat klo harga normal dpt sekian, tp krn anjlok bs dpt lebih byk saham.
Pola yg sama ke negara yg kena krisis ekonomi (Yunani) yg saham2 fundamentalnya kuat dikuasai investor global.
Jangankan ekonomi, mo perang aja bs disetting biar punya pembenaran
🤣🤣🤣🤣🤣🤣🤣",@brovenum7201,0,,3 minggu yang lalu,1779546151.037678
UgytL4muNGdEiNdMxzZ4AaABAg,"Engak usah ribet...contoh thn 98-99 kalau mau Dollar USD turun...syaratnya ajukan Pinjaman ke IMF/Bank Dunia ...pasti akan turun Krn mereka yg Drive nilai tukar....

Nilai tukar melemah agar pemerintah intervensi sampai habis devisa yg ada...selanjutnya ajukan pinjaman ke IMF/Bank Dunia ...engak lama Nilai Tukar akan Naik...sejarah sdh membukatikan",@Rashdan7,3,1,3 minggu yang lalu,1779546151.037678
UgxAjSVB8E7Cvp6N2AJ4AaABAg,kami si mengharapkan lantai kamar mandinya belumut si ko,@sliceofces,0,,3 minggu yang lalu,1779546151.0543
UgylNZZw7xQwgA6bmc94AaABAg,Harga daging 1998 18 rb sampe 25 rb beda tapi jgnnpada ngawur,@WasuliSahuri,0,,3 minggu yang lalu,1779546151.055973
UgzEAjFK0Z4niJ11Mv54AaABAg,"Pemerintah nya bebal, udah banyak yg bilang MBG itu program gak ada manfaat cuma jd beban keuangan negara ehh tetep aja program itu di jalankan,  blom lg program koperasi desa merah putih.
Susah punya pemimpin yg NPD, gak jauh beda kyk Trump 😂",@arnoldsebastian5281,10,,3 minggu yang lalu,1779546151.055973
Ugx8hwy5g7hlO-Ig3-x4AaABAg,teruntuk IHSG hari ini secara broksum justru banyak domestik yg out koh,@adityaanggara7404,0,1,3 minggu yang lalu,1779546151.055973
Ugw8sE0KR3C1Ho-Px3h4AaABAg,"Kondisi kurs hari ini, kelahiran Gen Z merasa sok ekonom membandingkan kurs 98.",@darwinthorntonpark,2,2,3 minggu yang lalu,1779546151.055973
UgzHcUgXjnuQt2wvFG14AaABAg,"Beberapa komentar yang mendukung revolusi dan asal bilang lengserkan pemerintah itu sangat naif. Revolusi macam itu gak bawa kebaikan apapun. Hanya utopia naif. Cuma buat asing gak percaya dengan pemerintah dan akhirnya pemerintah baru juga harus semakin keras untuk legitimasi kekuasaan mereka.
Mengganti para manusia peternak dengan babi yang pd akhirnya babi2 itu bertingkah lebih kejam ke ternak2 lemah lainnya dari pada manusia peternak di awal",@RianiKRahim,0,,3 minggu yang lalu,1779546151.055973
UgxSri9E7U05IrjQl9t4AaABAg,"👍 cuma spikes bisa akselerasi, batasnya bisa langit!",@BebekPepek,1,,3 minggu yang lalu,1779546151.055973
Ugw8GEhK456OFrN9TWh4AaABAg,"Sederhana saja kalau masalah ini
Beda dengan tahun 98 ya

1. Saat orang2 yang banyak duit pada ingin menukarkan uang rupiahnya dengan dollar pada BI , stok dollar di BI sangat tidak sebanding dengan banyaknya orang yang butuh dollar.

Akhirnya bi memanfaatkan situasi untuk menaikkan nilai tukar dollar pada rupiah.

2. Saking banyaknya orang2 yang nyimpen dollar di rumahnya dan diluar negri, 
Otomatis persediaan dollar di BI berkurang, menjadi stoknya sedikit.

4. Banyak eksportir yang mendapatkan dollar, tapi dollarnya disimpan di bank luar negri.

Intinya setiap ada orang orang yang mementingkan keuntungan pribadi, 
Pasti negara mulai goncang, dan masyarakat miskin sengsara😅😅",@diditdecopral7170,0,1,3 minggu yang lalu,1779546151.055973
UgzpMA-ebkRLcAgkog14AaABAg,"Tidak banyak presiden mengucap gpp currency melemah.
yg penting doi asal ketemu podium tereak2, anakbuah tepuktangan, udah senang mereka.",@Frankie_TM,87,14,3 minggu yang lalu,1779546151.055973
UgxK55SgFHHlcZzaAr14AaABAg,"100% ""kepercayaan itu mahal""",@BimaFaldi,7,,3 minggu yang lalu,1779546151.069989
UgzU4JyaZ317Ce4B3Z94AaABAg,"Pasti bukan gara gara MBG...bukan krn MBG...bkn karena beli alat tempur...bkn karena ponakan nangkring jd petinggi BI...ini gara gara kebanyakan orang orang kota, kebanyakan anteq anteq ngasing, kebanyakan Indonesia ngelap",@mulkowi,0,,3 minggu yang lalu (diedit),1779546151.07131
UgxIJahRs53Ejt7oL114AaABAg,Aq di desa baik2 aj makan lacar tidur nyenyak tiap malam juga masih  bisa nongkrong2 ngopi bareng ma tetangga,@AGUSWARDOYO-x7t,0,3,3 minggu yang lalu,1779546151.07131
UgxKk6Ta3b_lZ5QXbQx4AaABAg,Solusinya SWASEMBADA pemimpin/para pejabat yg competency BUKAN SWIMSEBADAK BERAS yg data nya di pelintir si mentan gila validasi!,@Benhelmy,0,,3 minggu yang lalu,1779546151.07131
Ugy-7CJqd9MhhDiHun14AaABAg,Ta tapi kan kata si benix rupiah lemah supaya ekspor meningkat.. 🤣🤣🤣,@roundpantstv4656,2,2,3 minggu yang lalu,1779546151.07131
UgyE66oPhprkJKhAiM14AaABAg,TSLA kedepanya masih bagus GK Koo. aku mulai beli TSLA pas kamu bikin conten 2025 bulan 7 tgl 20 itu aku beli udah cuan +47% Mayan ko,@IrfantyFriend-ki6yh,0,1,3 minggu yang lalu,1779546151.07131
Ugyu_9LJxmautz6_ue94AaABAg,Tadi IHSG udah ijo Udah santai aku tinggal nelvon kawan GK mantau psr saham eh pas jam2 dipantao udah  mines 6% beli pagi. tinggal nelvon 47jt melayang agak nyesek takira udah aman SII IHSG 6400,@IrfantyFriend-ki6yh,1,1,3 minggu yang lalu,1779546151.07131
Ugy96ilMsS_BLdwWMIV4AaABAg,sudahlah gulingkan saja rezim ini,@anggadonysaputra3259,4,2,3 minggu yang lalu,1779546151.07131
UgwCwEkR_t1n0Od1vPl4AaABAg,😢,@Omepro77,0,,3 minggu yang lalu,1779546151.07131
UgylgGNWNOmT5qLfX-94AaABAg,"Rupiah melemah terhadap dollar itu malah sangat bagus untuk para eksportir. Jangan khawatir kawan, saatnya kita cuan dollar !!!",@SriYekti-g1i,3,11,3 minggu yang lalu,1779546153.583411
Ugztipmcpz_jxnAF0bB4AaABAg,Serius shooting nya jam 2 pagi😂,@saptajayawiguna9273,0,,3 minggu yang lalu,1779546153.583411
UgzQfNMKnTiBUsqfCJJ4AaABAg,Presiden kita ga terima kritik. Rakyat kritik malah dilawan sama dia. Sangat2 Denial bngt dah. Dia lupa krn siapa dia bs jd presiden. Skrg da jd presiden malah lupa diri!,@stevenxystv,96,38,3 minggu yang lalu,1779546153.583411
Ugx50GrATFNApmSHZpp4AaABAg,"gapernah liat ko leon gemeteran gini suaranya, cuma bisa bilang borong dolar, saya abis beli 4000 usd, 3000 eur",@yap5995,2,2,3 minggu yang lalu (diedit),1779546153.601028
UgyrYVSFAHyB2348Z2N4AaABAg,"bagi yg melihat peluang mml dan asli adalah saham yg anti badai,menurut saya cenderung harga di jaga.ada peluang untuk growing.",@yupi22_19,0,,3 minggu yang lalu,1779546153.601028
UgxotWsO-B6WZPWT8Kd4AaABAg,Ancuurrrr,@rione7402,0,,3 minggu yang lalu,1779546153.601028
UgxStXKQolmhjVYrgXR4AaABAg,"Akar masalahnya: Kenapa harus ngikutin Tren Penurunan Susu Ibu? Susu Ibu masih bisa menguat loh kalau di emut, di jilat!! Ini Rupiah kok loyo terus tiap hari ya!!!!",@pudjotjokro6128,0,,3 minggu yang lalu,1779546153.601028
UgxkyrYg5Pmd9dzerP94AaABAg,"Jgn lupa 2029 ganti rezim, jgn sampai NKRI bubarrr",@ariekeren1393,0,,3 minggu yang lalu,1779546153.601028
UgyJ6RflBGLZjtg1o9p4AaABAg,"Paling logis ya beli stable coin USDT,USDC terus loe staking dgn APY 3-6% dilokal exchange atw 8-9% di foreign exchange sperti OKX, Bybit, maybe 6-7% binance.lebih simple dan logis menurut gue dbanding beli obligasi Indon potongannya gede klo musti dtarik sebelum jt tempo. Oiya stable coin loe bisa staking dgn flexi earn jd bebas penalty potongan ya paling kna fee beli jual aj.keren kan",@Kaptenaris,1,,3 minggu yang lalu (diedit),1779546153.608547
UgznnEJlQ0RhwdcvjIR4AaABAg,"Kalo gw perhatiin, semakin menakutkan kondisi ekonomi & semakin seremnya kolom komentar, bisa jadi ini justru waktunya masuk ke saham, bisa ini justru jadi waktunya jual dollar apalagi yang udah beli di 14k-15k dan masuk ke Rupiah & saham bank big 4, karena investasi jangka panjang yang berhasil HAMPIR SELALU dimulai dari kondisi ekonomi yang gak baik-baik aja. Dan sekarang ekonomi Indonesia memang lagi gak baik-baik aja. 

Itu pendapatku, silahkan bikin keputusan masing2.",@todopedia,1,1,3 minggu yang lalu,1779546153.608547
UgwPtP0MmGYk0H5QcMZ4AaABAg,"Qta selalu mncari masalah tuk diri cndiri. Buat Mbg tnpa hitungan jelas, implementasiny kacau balau, dalang korupsi baru.. Coba tny dapur or supplier hrusny dh ngerti gmn pasarny berjalan.. 

Skrg defisit sibuk cari sunber baru, gali sana sini buat mrket ga tenang. 
Buat pernyataan tnpa pikir, awalny kirain pura-pura gtu, eh mngkin bneran... ... ... 
Suka ya cari problem lalu denial akan problemny lagi, 

Sejujurny qlo ga kompeten mending duduk diam aj, ykin hidup rakyat better..",@cnarmb9321,11,1,3 minggu yang lalu (diedit),1779546153.608547
Ugyv_VAzNchin6s2_KJ4AaABAg,Bayangin aja dxy nantinya menguat maka laju pelemahan idr makin cepet lagi😊 kalo bagi saya biarin aja usd ke 30rb sekalipun biar gahobi impor mau bbm hilang dari bumi pertiwi juga terserah😂 negri ini dah terlalu rusak karna dikuasi para lansia2 pikun,@radenbocil8724,0,,3 minggu yang lalu,1779546153.608547
UgydRrMb6q0P3VL48QZ4AaABAg,Kalo mahasiswa tidak segera turun ke jalan gua bakalan pindah ke desa biar tidak begitu terkena dari imbas dolar,@serialanimeku54,5,5,3 minggu yang lalu,1779546153.615595
Ugxl2mb5DqFdfxqekYF4AaABAg,"Jangan simpan rupiah lama"" 
Gajian langsung belanjakan kebutuhan sebulan, sayur, beras, minyak dan bumbu"" dapur",@SiapaKamu-q6e,0,,3 minggu yang lalu,1779546153.617321
UgytvdtiCAUvs-IK1dl4AaABAg,"JANGAN LUPA, PELEMAHAN RUPIAH SEKARANG INI WALAUPUN CUMA 5%+- TAPI DI TIMMING YANG FATAL KENAPA?
""KARNA HARGA OIL LAGI NAIK-NAIKNYA"". Dampaknya > Subsidi Membengkak > Defisit Melebar > Investor Takut dan Keluar > Rupiah  Makin Melemah.
 Dan lucunya BI disalah-salahin pdahal kalo yang ngerti malah kondisi BI sekarang sama kayak ditumbalkan pemerintah. 

akar permasalahannya: ini akumulasi kesalahan dari pemerintahan-pemerintahan sebelumnya ditambah pemerintahan sekarang terlalu agresif membuat program baru.",@alif4927,51,13,3 minggu yang lalu,1779546153.617321
Ugyvz1Jc98zP9Ong_nJ4AaABAg,tapi koh . kenapa faktor hutang Indonesia tidak di masukan. apakah hutang Indonesia itu tidak ada pengaruhnya.,@dennyfirman4473,0,,3 minggu yang lalu,1779546153.617321
Ugx8kFdoAzeep0CPsyV4AaABAg,Ayooo revolusiiii🎉,@yosanfotografi,37,12,3 minggu yang lalu,1779546153.617321
UgybEh1tTBTXCCXpMSV4AaABAg,Komposisi kementrian abal abal.,@sagimansag1901,0,,3 minggu yang lalu,1779546153.617321
UgxuvOS-DQhDunuYerR4AaABAg,"Menantu dan mertua sama aja , akan di gulingkan",@NegeriKonohagakure,35,21,3 minggu yang lalu,1779546153.617321
UgxDVqXL049p_0vM6VB4AaABAg,TKI mengalami kenaikan gaji yg lumayan semoga dapat menyumbang dollar ke desa tempat mereka tinggal,@SellyKook,1,2,3 minggu yang lalu,1779546153.617321
UgzPUeBddlrQv_mo5CR4AaABAg,OTW 17845 memperingati kemerdekaan RI,@bert78i,0,3,3 minggu yang lalu,1779546157.059998
UgyYtrBb9-zovk0Qq8t4AaABAg,"itu effect domiino, 1 orang menggeluh, baik personal atau emang PESURUH ASING buat propaganda di sosmed-YT menular ke 1rb orang ke 1jt orang, investor membaca itu, mereka takut, dan buru2 menarik dollar yg di investasikan ke indonesia, pasti runtuh KURS rupiah. BELUM LAGI NEGARA2 YG BENCI SM KITA, MAKIN membuat ketakutan2. mau ganti 100-1000x pemimpin, klo Rakyatnya karakternya PESIMIS OVER percayalah, kehancuran ekonomi akan terulang terus menerus,,yg rugi ya bukan orang lain",@ninoscooters,3,9,3 minggu yang lalu (diedit),1779546157.06263
UgzE7ug9VZfhJyEjAd54AaABAg,"jejak dulu, jokowi merusak rupiah",@motivasihidupsederhanaginanjar,0,,3 minggu yang lalu (diedit),1779546157.064671
UgwE7iLgjLOeqlOcCYp4AaABAg,grgr prakontol kang joget,@nobody-bz1vw,0,,3 minggu yang lalu,1779546157.06569
UgwSl2ebCFav28c4xLl4AaABAg,"Satu saja masalah di indonesia leon, semua pejabatnya korup di indonesia",@agungutama2613,68,15,3 minggu yang lalu,1779546157.067743
UgxvFQsAya_Ht85zm214AaABAg,Thank you udah buat video ini di saat para subscriber lagi khawatir. GBU bro,@samanean,3,,3 minggu yang lalu,1779546157.067743
UgyVeRha5K_BfXjqARZ4AaABAg,2014 ke atas itu ya sejak Jkw menjabat.,@515gohadneltr,0,,3 minggu yang lalu,1779546157.069748
Ugw4xMiBMVlO_77wnfZ4AaABAg,"Suara yg nanya pertanyaannya lemes amat ko, udh kek rupiah aja 😂",@sakatagintoki7352,1,1,3 minggu yang lalu,1779546157.071752
UgyfE7K31Yu4D0px3oN4AaABAg,"Dxy melemah, tapi rupiah lebih sampah karena pejabat dan pemimpin kita jamban",@maRvelus01,0,,3 minggu yang lalu,1779546157.073758
UgzqQGM_9XYiCX13DKp4AaABAg,"Banyak desa pakai dollar... banyak money changer.

Desa adat kuta 
Desa adat ubud dll..",@smartdetoxsehati2694,0,,3 minggu yang lalu,1779546157.075763
UgzgDMtkrsbhHbf0tXZ4AaABAg,idr melemah bukan usd menguat karena sgd chf aud juga naik semua,@mr.pinguns,2,,3 minggu yang lalu,1779546157.075763
UgyHij_y7HnWI3qmD814AaABAg,Pernyataan si Wowo malah disambut tepuk tangan satu forum 😂😂 apa yg bisa diharapkan dr pemerintahan seperti itu! Yg penting MBG dan kopdes cair 😅,@jonlim1396,4,,3 minggu yang lalu,1779546157.078905
Ugwft10KiKH_NtU2VmR4AaABAg,P,@MuhammadArdiansyah21-dp9uo,0,,3 minggu yang lalu,1779546157.08139
Ugx682QwSzp53cTt38d4AaABAg,"Hopeless, selama pemerintahan nya belum ganti. Karena komposisi kabinet dan jajarannya tidak sekompeten 1998. Hampir tidak ada profesional di bidangnya 😢.",@vikyzulfikar23,149,54,3 minggu yang lalu,1779546157.082744
Ugz4JRb2tiSaVXwUYHd4AaABAg,"IDR yg melemah ke hampir semua mata uang negara lain, dengan euro melemah, dengan singapur dollar melemah, dengan ringgit melemah, dan beberapa mata uang asean lain juga melemah, apalagi dengan mata uang yg kuat lainnya juga melemah",@iputujuniarthasemaraputra3754,3,3,3 minggu yang lalu,1779546157.08423
Ugy3yx85A6yvOZuXlA94AaABAg,Gimana Prabowo ajah lah kita mah 😂😂,@DaeniNi-oq3dp,0,,3 minggu yang lalu,1779546157.08423
UgysOgR_LwQNaHHxMbN4AaABAg,"Malem banget Ko Leon, nontonnya besok aja deh, pusing dollar naek terus 😁🙏",@kardady,0,1,3 minggu yang lalu,1779546157.08423
UgwL3cSIVQNZWwOG42R4AaABAg,Idr yg melemah... Kerna rm menguat vs usd...,@zulkifliismail7858,0,,3 minggu yang lalu,1779546157.08423
Ugx02ZHN6lzqI_M6L_14AaABAg,17845,@HubbIe05,0,,3 minggu yang lalu,1779546157.08423
